time,flux
1491.6604101031635,1.0128479
1491.681243907015,1.0142697
1491.7020777110477,1.0096475
1491.7229115151547,1.0109774
1491.7437453193286,1.0084798
1491.7645791234668,1.0079355
1491.785412927575,0.99899375
1491.8062467315528,1.0011022
1491.827080535416,1.0009172
1491.8479143390648,0.9990361
1491.868748142524,1.0031936
1491.8895819456975,0.9981794
1491.9104157486174,0.9939508
1491.9312495511874,0.9931789
1491.9520833534457,0.9964569
1491.9729171552995,0.99883026
1491.993750956793,0.9924653
1492.0145847578335,0.992867
1492.0354185584677,0.99395335
1492.0562523586061,1.0000057
1492.0770861583017,0.99057686
1492.097919957464,0.9918553
1492.1187537561461,0.9945003
1492.1395875542648,0.9965091
1492.1604213518729,0.99122435
1492.181255148887,0.9886724
1492.2020889453645,0.99367696
1492.2229227412224,0.9928785
1492.2437565365217,0.9935679
1492.2645903311768,0.98862684
1492.285424125252,0.99069613
1492.3062579186637,0.9896809
1492.3270917114767,0.99500984
1492.3479255036095,0.99621356
1492.3687592951264,0.9886488
1492.3895930859458,0.9938949
1492.410426876136,0.99312395
1492.4312606656151,0.990101
1492.4520944544524,0.9902514
1492.4729282425644,0.98952127
1492.4937620300238,0.99125165
1492.5145958167466,0.98661757
1492.5354296028056,0.99027926
1492.5562633881193,0.9904824
1492.57709717276,0.98906296
1492.5979309566471,0.9880849
1492.6187647398528,0.9877429
1492.6395985222962,0.9927021
1492.6604323040515,0.98888445
1492.6812660850383,0.99018914
1492.7020998653302,0.9879606
1492.7229336448463,0.99754137
1492.7437674236626,0.99021447
1492.7646012016978,0.9966753
1492.785434979029,0.9874879
1492.8062687555735,0.9910336
1492.8271025314084,0.9871517
1492.847936306453,0.991325
1492.8687700807843,0.9955854
1492.8896038543223,0.99232185
1492.910437627143,0.99180365
1492.9312713991658,0.9916703
1492.9521051704708,0.9895648
1492.9729389409733,0.99154705
1492.9937727107533,0.9880548
1493.0146064797302,0.99464226
1493.0354402479832,0.99190086
1493.0562740154296,0.9897808
1493.0771077821503,0.9936678
1493.0979415480613,0.99013996
1493.1187753132467,0.9891191
1493.1396090776195,0.9982958
1493.1604428412645,0.9940627
1493.1812766040966,0.9921672
1493.2021103662003,0.9937518
1493.2229441274883,0.9909972
1493.243777888046,0.9966355
1493.2646116477886,0.9953257
1493.2854454068001,0.9984065
1493.3062791649936,0.9957323
1493.3271129224568,0.99744254
1493.3479466791018,0.9940637
1493.3687804350136,0.99597955
1493.389614190109,0.99562496
1493.4104479444693,0.9979298
1493.4312816980116,0.99583435
1493.45211545082,1.0
1493.4729492028116,0.9983303
1493.4937829540668,0.9957201
1493.5146167045032,0.9962108
1493.5354504542058,0.9922493
1493.5562842030872,0.9924588
1493.5771179512358,0.99625355
1493.5979516985644,0.99263674
1493.6187854451575,0.994272
1493.6396191909319,0.998067
1493.6604529359718,0.99097556
1493.6812866801918,0.9920911
1493.7021204236764,0.99409187
1493.7229541663423,0.993568
1493.7437879082738,0.9930416
1493.7646216493854,0.9905622
1493.7854553897623,0.994679
1493.8062891293205,0.99427825
1493.8271228681447,0.9952397
1493.8479566061483,0.98781085
1493.8687903434193,0.9947739
1493.889624079871,0.99985695
1493.9104578155882,0.99405617
1493.9312915504877,0.98949826
1493.952125284654,0.9905598
1493.9729590180011,0.9892001
1493.9937927506148,0.9931914
1494.0146264824132,0.9990048
1494.0354602134746,0.99032235
1494.0562939437214,0.99523246
1494.0771276732326,0.99370617
1494.097961401929,0.9904572
1494.1187951298928,0.9931135
1494.13962885704,0.993766
1494.1604625834525,0.99358016
1494.1812963090524,0.99582684
1494.2021300339168,0.99978906
1494.2229637579678,1.0008204
1494.2437974812847,0.9984707
1494.2646312037896,0.9969575
1494.2854649255598,0.99739903
1494.3062986465172,0.9935445
1494.3271323667414,0.9997138
1494.3479660861533,0.99609315
1494.3687998048335,1.0010587
1494.3896335227007,0.9939628
1494.410467239835,1.0019351
1494.431300956158,0.9988008
1494.452134671749,0.99507576
1494.47296838653,0.99717915
1494.4938021005778,0.99530655
1494.5146358138152,0.9974499
1494.5354695263209,0.9947673
1494.5563032380173,0.99558073
1494.5771369489817,0.9926298
1494.5979706591359,0.99250317
1494.6188043685595,0.99272746
1494.6396380771744,1.0006275
1494.660471785058,0.9965381
1494.6813054921324,0.9941226
1494.7021391984767,0.99357396
1494.722972904012,0.99507856
1494.7438066088175,0.99689555
1494.7646403128158,0.9947911
1494.7854740160833,0.9926892
1494.827141420273,0.9908162
1494.8479751211962,0.9959513
1494.8688088213898,0.99330103
1494.8896425207759,0.9927365
1494.9104762194333,0.9962829
1494.9313099172855,0.9911409
1494.9521436144073,0.99464095
1494.9729773107222,0.9916093
1494.993811006311,0.99130434
1495.0146447010902,0.9959645
1495.0354783951434,0.9934448
1495.0563120883883,0.99440485
1495.0771457809087,0.99472165
1495.09797947262,0.9912387
1495.1188131636056,0.9931189
1495.1396468537835,0.9938725
1495.1604805432373,0.99619883
1495.1813142318822,0.99435705
1495.2021479198022,0.9932371
1495.2229816069148,1.0003613
1495.2438152933028,0.9964296
1495.264648978883,0.9973657
1495.2854826637397,0.99711055
1495.3063163477884,0.99292505
1495.3271500311125,1.0029678
1495.34798371363,1.0000683
1495.3688173954238,0.9933468
1495.3896510764096,0.9975051
1495.4104847566716,0.9927236
1495.4313184361267,0.994323
1495.4521521148588,0.9944685
1495.472985792783,0.99776053
1495.4938194699835,0.9992174
1495.5146531463772,0.9991926
1495.5354868220481,0.99704945
1495.5563204969105,0.9957645
1495.5771541710512,0.9946812
1495.5979878443845,0.9971023
1495.6188215169936,0.9996012
1495.6396551887967,0.996986
1495.660488859877,0.99578
1495.6813225301496,0.9975824
1495.7021561996987,0.9970048
1495.7229898684416,0.9967551
1495.7438235364616,0.9965446
1495.764657203674,0.99564916
1495.785490870163,0.99336404
1495.8063245358453,0.99724406
1495.827158200805,0.99478537
1495.847991864956,0.9975109
1495.868825528385,0.99800205
1495.8896591910068,0.99454767
1495.9104928529046,0.9933638
1495.9313265139979,1.0008818
1495.952160174364,0.9976465
1495.9729938339253,0.9995437
1495.9938274927606,0.9995674
1496.0146611507919,1.002594
1496.0354948080962,0.9973511
1496.0563284645955,1.0003167
1496.0771621203683,0.9943359
1496.097995775336,0.9977039
1496.118829429578,1.0014832
1496.1396630830138,0.9972986
1496.160496735723,1.0041568
1496.1813303876263,0.99775594
1496.202164038803,0.99632454
1496.2229976891747,0.99667126
1496.2438313388186,1.000837
1496.2646649876565,0.99913174
1496.2854986357668,0.9945442
1496.306332283072,1.0003479
1496.3271659296486,0.9988531
1496.3479995754187,0.99872774
1496.3688332204608,1.0001496
1496.3896668646962,0.9958653
1496.4105005082044,0.9988113
1496.4313341509044,0.99819344
1496.4521677928763,0.99967533
1496.4730014340412,0.9932471
1496.4938350744758,0.99540675
1496.5146687141043,0.99349976
1496.535502353003,0.99618584
1496.5563359910932,1.0029761
1496.577169628454,0.9962519
1496.598003265007,0.9981093
1496.6188369008296,0.99995184
1496.639670535843,1.0004752
1496.6605041701262,1.0033062
1496.6813378036006,0.99904686
1496.7021714363439,0.9956472
1496.7230050682767,1.0038626
1496.743838699479,0.9983617
1496.7646723298715,0.9991318
1496.7855059595306,0.9992627
1496.8063395883808,0.99753964
1496.827173216498,0.99820304
1496.848006843804,0.9960923
1496.868840470377,1.0028031
1496.889674096139,1.0031177
1496.9105077211684,0.995218
1496.9313413453829,0.9976193
1496.9521749688674,0.9997384
1496.973008591535,1.0015275
1496.9938422134712,1.0011928
1497.0146758345911,1.0004799
1497.0355094549786,0.9988035
1497.0563430745506,0.9988556
1497.0771766933885,1.0002817
1497.0980103114518,1.0027581
1497.1188439288203,1.0042999
1497.1396775453281,1.0020279
1497.160511161064,0.9982889
1497.18134477598,0.9996422
1497.2021783901614,0.99925935
1497.223012003523,0.9983846
1497.2438456161503,1.0011973
1497.2646792279563,0.99813575
1497.285512839026,1.003492
1497.3063464492745,1.0012584
1497.3271800587863,1.0051584
1497.348013667477,1.0026122
1497.3688472754293,1.0007472
1497.3896808825584,1.0026687
1497.4105144889495,1.0024999
1497.4313480945166,1.0028439
1497.4521816993458,1.0047873
1497.4730153033495,1.0062635
1497.493848906613,1.0011047
1497.514682509051,1.0029075
1497.5355161107493,1.0003603
1497.5563497116202,0.9979818
1497.5771833117494,1.0006515
1497.5980169110512,1.0028124
1497.6188505096113,1.0033706
1497.6396841073422,0.9997781
1497.6605177043295,1.0021353
1497.6813513004874,1.0000387
1497.7021848959012,1.0001357
1497.723018490484,0.9998122
1497.743852084323,1.0014392
1497.7646856773292,0.99925053
1497.785519269589,0.9973329
1497.806352861016,0.9957928
1497.8271864516971,1.0069208
1497.848020041544,1.0007266
1497.8688536306406,1.0014302
1497.8896872189052,1.0009897
1497.9105208064175,1.0029343
1497.9521879790211,0.9963296
1497.973021564111,0.99965763
1497.9938551484474,1.0028138
1498.0146887319481,0.9953304
1498.0355223146933,0.9990966
1498.0563558965991,0.9999938
1498.07718947775,0.9943297
1498.0980230580617,0.9987668
1498.1188566376163,1.000256
1498.1396902163312,0.996853
1498.1605237942865,0.99692947
1498.1813573713998,1.0043286
1498.2021909477537,1.000988
1498.2230245232647,0.9989531
1498.2438580980138,1.0013709
1498.2646916719182,1.0018516
1498.28552524506,0.99721485
1498.3063588173566,1.0011274
1498.3271923888883,0.99996114
1498.3480259595722,1.0035067
1498.368859529491,0.9981908
1498.38969309856,0.9983886
1498.410526666863,1.0027736
1498.4313602343154,1.0001713
1498.4521938009989,1.0010172
1498.4730273668297,1.0030215
1498.4938609318908,1.0024695
1498.5146944960989,0.99799436
1498.5355280595345,1.0021728
1498.556361622114,1.0020894
1498.577195183921,1.0039696
1498.5980287448713,1.0047657
1498.6188623050462,1.0016867
1498.639695864361,0.9985857
1498.6605294229003,1.0023973
1498.681362980578,1.0032988
1498.702196537479,1.0023059
1498.7230300935157,0.9982666
1498.743863648773,1.0027754
1498.764697203164,1.0096025
1498.7855307567747,0.99723333
1498.8063643095181,1.004679
1498.827197861481,1.0042088
1498.8480314125711,0.9989072
1498.8688649628784,0.9990565
1498.8896985123126,1.005631
1498.910532060963,1.003135
1498.9313656087368,1.0005833
1498.952199155724,1.0031598
1498.9730327018335,0.99658567
1498.9938662471557,1.0001777
1499.0146997915956,1.0003278
1499.035533335247,0.9998579
1499.0563668780153,0.99719226
1499.0772004199907,1.0029391
1499.0980339610876,1.0018997
1499.1188675013934,0.9996888
1499.139701040807,1.0020026
1499.1605345794198,1.0018861
1499.181368117143,1.0026052
1499.2022016540682,0.9968657
1499.2230351901,1.0056676
1499.2438687253311,0.9999288
1499.2647022596673,1.0025913
1499.285535793199,0.99948895
1499.3063693258343,1.0053458
1499.327202857665,1.0048938
1499.3480363885944,1.0019557
1499.3688699187157,1.0043097
1499.389703447934,1.003957
1499.4105369763417,1.0013514
1499.4313705038448,1.0012057
1499.452204030534,1.0012145
1499.473037556314,1.0054992
1499.4938710812787,1.0056707
1499.5147046053316,1.0027913
1499.5355381285672,1.0036198
1499.5563716508873,1.0041871
1499.5772051723861,1.0082676
1499.598038692967,1.0045185
1499.6188722127256,1.0031018
1499.639705731562,1.0037674
1499.6605392495715,0.9993789
1499.6813727666568,1.0034899
1499.7022062829126,1.0040443
1499.72303979824,1.0025988
1499.7438733127358,1.0032276
1499.7647068263016,1.0037719
1499.7855403390306,1.0054649
1499.8063738508263,1.0037973
1499.8272073617811,1.0032104
1499.848040871801,0.9964296
1499.8688743809755,1.0017276
1499.8897078892107,1.0034037
1499.9105413965985,1.0029774
1499.931374903044,0.998851
1499.9522084086375,1.0047965
1499.9730419132839,1.0029951
1499.993875417076,1.0091367
1500.0147089199181,1.0035837
1500.035542421901,1.004502
1500.056375922929,1.003281
1500.0772094230945,1.004443
1500.0980429223016,1.0046965
1500.1188764206433,1.003637
1500.1397099180217,1.0045221
1500.160543414532,1.0054069
1500.1813769100734,1.0021412
1500.2022104047414,1.0047917
1500.2230438984375,1.00144
1500.2438773912563,1.0055999
1500.2647108830993,1.0034978
1500.2855443740598,1.006999
1500.3063778640387,0.99914306
1500.327211353132,1.0082264
1500.3480448412402,1.0060097
1500.3688783284572,1.0037625
1500.3897118146829,1.0039997
1500.410545300013,1.0051185
1500.4313787843478,1.0028023
1500.4522122677834,1.004642
1500.4730457502185,1.0052599
1500.493879231749,0.9995192
1500.514712712272,1.0066627
1500.5355461918866,1.0012498
1500.5563796704885,1.0030763
1500.577213148177,1.0008339
1500.5980466248482,1.0044589
1500.6188801005994,1.0066857
1500.6397135753268,1.00484
1500.66054704913,1.0010347
1500.681380521904,1.0030113
1500.702213993748,1.0006768
1500.7230474645544,1.004937
1500.743880934428,1.0027554
1500.7647144032571,1.0008025
1500.7855478711485,1.0015078
1500.8063813379874,1.0020906
1500.8272148038823,1.0020462
1500.8480482687187,1.0047102
1500.8688817326063,0.9985309
1500.8897151954275,0.99931204
1500.910548657292,0.99830616
1500.9313821180847,1.0033575
1500.952215577914,1.0025667
1500.9730490366644,0.9998986
1500.9938824944438,1.004418
1501.0147159511387,1.0021936
1501.0355494068558,0.9988291
1501.0772163151173,1.006009
1501.0980497676537,1.0003195
1501.1188832192006,1.0058812
1501.1397166696352,0.99920183
1501.160550119072,1.0015236
1501.1813835673893,1.0022916
1501.2022170147018,1.0031718
1501.2230504608854,1.005374
1501.2438839060542,1.0025698
1501.264717350087,1.0071559
1501.2855507930979,1.00587
1501.306384234962,1.0097536
1501.3272176757973,1.0142694
1501.3480511154755,1.0063618
1501.3688845541146,1.0053387
1501.389717991588,1.0082443
1501.4105514280136,1.0091606
1501.4313848632628,1.0085642
1501.452218297456,1.01261
1501.4730517304615,1.0065886
1501.4938851623995,1.0071846
1501.514718593141,1.0052284
1501.5355520228056,1.0079942
1501.5563854512618,1.011036
1501.5772188786323,1.0081226
1501.5980523047813,1.0126481
1501.6188857298332,1.0099049
1501.6397191536528,1.0037622
1501.6605525763653,1.0052637
1501.681385997832,1.0105865
1501.7022194181795,1.0098405
1501.7230528372697,1.0056667
1501.7438862552278,1.0107838
1501.7647196719172,1.0047896
1501.7855530874633,1.0092292
1501.8063865017255,1.0024276
1501.8272199148307,0.99879515
1501.8480533266402,1.0024419
1501.8688867372782,1.0050969
1501.8897201466066,1.0073537
1501.9105535547517,1.0052733
1501.9313869615687,1.0090257
1501.952220367191,1.0077516
1501.9730537714709,1.0083258
1501.9938871745403,1.0045656
1502.0147205762526,1.0058923
1502.0355539767393,1.0030744
1502.0563873758508,1.0085299
1502.0772207737227,1.0042518
1502.0980541702036,1.0090425
1502.1188875654284,1.0057282
1502.1397209592421,1.0075315
1502.160554351786,1.0083181
1502.181387742902,1.0051078
1502.2022211327305,1.0035516
1502.2230545211132,1.0119977
1502.2438879081897,1.0106137
1502.264721293802,1.0070338
1502.285554678092,1.011408
1502.3063880608956,1.0036882
1502.3272214423591,1.0102397
1502.3480548223176,1.0075777
1502.3688882009192,1.0114428
1502.389721577993,1.0088876
1502.4105549536903,1.0054232
1502.4313883278398,1.004808
1502.4522217005938,1.0080316
1502.473055071779,1.015837
1502.4938884415487,1.0100527
1502.514721809726,1.0109663
1502.53555517647,1.010917
1502.5563885416009,1.0079484
1502.5772219052774,1.0078566
1502.59805526732,1.0102948
1502.618888627888,1.0070829
1502.639721986799,1.0087711
1502.6605553442184,1.0106524
1502.681388699956,1.0046431
1502.702222054184,1.0046159
1502.7230554067112,1.006709
1502.7438887577093,1.0045152
1502.7647221069874,1.0135877
1502.7855554547189,1.0125419
1502.8063888007134,1.0070124
1502.8272221451443,1.009106
1502.8480554878213,1.0006304
1502.868888828921,1.0034184
1502.8897221682548,1.0045083
1502.9105555060007,1.0047286
1502.9313888419717,1.0007676
1502.9522221763475,1.0032825
1502.9730555089436,1.0056921
1502.9938888399406,1.0021882
1503.0147221691618,1.0035189
1504.7230594524467,1.019495
1504.743892944482,1.0197676
1504.76472643667,1.0201979
1504.7855599289987,1.0161777
1504.8063934213646,1.0101575
1504.827226913766,1.0062267
1504.8480604061012,1.011097
1504.868893898378,1.005258
1504.8897273905006,1.0025328
1504.9105608824857,1.0052571
1504.9313943742372,0.9979507
1504.9522278657812,1.0001907
1504.9730613570216,0.9958504
1504.9938948479905,0.99749655
1505.0147283385973,0.9999708
1505.0355618288788,0.99775416
1505.0563953187439,0.9987216
1505.0772288082367,0.9975291
1505.0980622972647,0.9978708
1505.118895785876,0.99329484
1505.1397292739832,0.99708825
1505.1605627616373,0.9977423
1505.181396248749,0.9927969
1505.2022297353744,0.99604577
1505.2230632214241,0.9943606
1505.2438967069602,1.0020486
1505.2647301918917,0.99797815
1505.285563676281,1.0029413
1505.3063971600413,0.99761385
1505.3272306432375,0.9968441
1505.3480641257786,0.9985225
1505.3688976077374,0.9946644
1505.3897310890213,0.99801385
1505.4105645697036,0.9909539
1505.4313980496947,0.9967699
1505.4522315290642,0.99396116
1505.4730650077283,0.9948394
1505.4938984857579,0.994111
1505.5147319630673,0.99339265
1505.5355654397283,0.99642116
1505.5563989156565,0.99251974
1505.5772323909225,0.9950221
1505.5980658654464,0.99944454
1505.6188993392989,0.9981334
1505.6397328123987,0.99893653
1505.6605662848174,0.997349
1505.6813997564723,0.99743927
1505.7022332274396,0.9931828
1505.7230666976359,0.997805
1505.7439001671364,0.99922395
1505.76473363586,0.9977998
1505.785567103878,0.9942524
1505.8064005711144,1.0048674
1505.8272340376416,1.0004823
1505.8480675033786,0.99756026
1505.8689009684022,1.004841
1505.889734432629,1.0033041
1505.910567896139,0.99854887
1505.93140135885,0.9958789
1505.9522348208377,0.99675065
1505.9730682820216,0.9976435
1505.9939017424783,0.9973823
1506.0147352021288,0.9961767
1506.0355686610496,1.0018551
1506.056402119161,0.9937761
1506.0772355765396,0.99970365
1506.0980690331032,0.9990059
1506.1189024889334,1.0030004
1506.1397359439475,0.9976097
1506.1605693982249,1.0007621
1506.1814028516849,0.9956599
1506.2022363044032,0.998617
1506.2230697563043,1.0028775
1506.243903207464,0.9977208
1506.264736657802,0.9998314
1506.2855701073968,1.0005715
1506.3064035561695,1.0024905
1506.3272370041987,0.9994304
1506.3480704514047,0.99610555
1506.3689038978653,1.0046247
1506.3897373434993,1.0000956
1506.4105707883887,0.9994618
1506.431404232452,0.9999355
1506.4522376757689,0.9985599
1506.4730711182588,1.00085
1506.4939045600006,1.0046238
1506.5147380009157,0.99985963
1506.5355714410855,1.0005667
1506.5564048804242,1.0042679
1506.5772383190158,0.9974247
1506.5980717567777,0.9984126
1506.6189051937934,0.99898666
1506.6397386299784,0.99804384
1506.6605720654177,0.99508154
1506.6814055000239,1.0023041
1506.7022389338845,0.9973532
1506.7230723669138,0.99883974
1506.7439057991965,1.0040675
1506.7647392306467,0.9999607
1506.7855726613511,0.9991602
1506.806406091224,0.998485
1506.8272395203514,0.9989855
1506.8480729486466,0.997486
1506.8689063761938,0.99724776
1506.8897398029112,0.9987687
1506.9105732288817,1.0030566
1506.9314066540212,0.9996274
1506.9522400784133,1.0027112
1506.973073501976,1.0014192
1506.993906924793,0.9994871
1507.0147403467784,1.0024301
1507.035573768017,0.9983362
1507.0564071884273,0.9971757
1507.077240608093,0.99871397
1507.0980740269279,1.0025905
1507.1189074450172,0.9982318
1507.1397408622736,1.001125
1507.160574278788,1.0005201
1507.181407694472,0.99843985
1507.2022411094113,0.99966794
1507.2230745235204,1.0022284
1507.243907936886,1.0038296
1507.2647413494228,0.9975226
1507.2855747612164,1.0027168
1507.3064081721789,0.9989227
1507.3272415824003,1.0016032
1507.3480749917933,0.9996293
1507.3689084004423,0.99931806
1507.3897418082631,0.99650156
1507.4105752153414,0.99947166
1507.431408621593,0.9946849
1507.4522420271023,0.99741
1507.4730754317843,1.0012789
1507.493908835723,0.9956773
1507.5147422388372,0.99939567
1507.5355756412073,0.99687177
1507.5564090427529,0.99755573
1507.5772424435554,0.9957744
1507.5980758435355,0.99672323
1507.6189092427717,0.9952184
1507.6397426411834,0.9971918
1507.6605760388532,0.9995286
1507.6814094357005,0.99546283
1507.7022428318053,0.99765295
1507.7230762270867,0.994916
1507.7439096216272,0.9969727
1507.7647430153465,0.99876684
1507.785576408322,0.99585074
1507.806409800477,0.996516
1507.8272431918906,0.99998283
1507.8480765824831,0.99556303
1507.889743361364,1.0041803
1507.9105767496535,0.9944487
1507.931410137123,0.9998443
1507.952243523853,0.9989451
1507.9730769097607,1.00074
1507.9939102949295,0.9976224
1508.0147436792784,0.99930435
1508.0355770628876,0.99745107
1508.0564104456762,0.99950206
1508.0772438277265,0.99987936
1508.0980772089588,0.9972115
1508.1189105894484,0.99736094
1508.1397439691227,0.99402046
1508.1605773480567,1.0031295
1508.1814107261725,1.0004451
1508.2022441035483,0.9990296
1508.2230774801073,0.9980477
1508.2439108559274,0.996104
1508.2647442309299,0.9965252
1508.2855776051929,1.0010211
1508.3064109786405,0.9981676
1508.327244351349,1.0036371
1508.3480777232392,0.9975691
1508.3689110943924,1.0002637
1508.3897444647287,0.9967492
1508.4105778343271,0.997976
1508.4314112031077,0.9964117
1508.4522445711527,0.9992077
1508.4730779383801,0.99753356
1508.4939113048713,0.9981837
1508.5147446705428,1.0002385
1508.5355780354803,0.99800014
1508.5564113995993,1.0037
1508.5772447629824,0.9945224
1508.5980781255482,1.0030239
1508.6189114873791,0.9953067
1508.639744848393,1.0024183
1508.6605782086701,0.9969824
1508.6814115681302,1.0041436
1508.7022449268557,0.9971112
1508.7230782847626,0.9951465
1508.7439116419355,0.9968565
1508.764744998291,0.9993693
1508.7855783539117,1.0051961
1508.8064117087138,1.0001109
1508.8272450627835,1.0031258
1508.8480784160347,0.9968185
1508.8689117685503,1.0008957
1508.8897451202492,1.0000386
1508.9105784712137,1.0010393
1508.9314118213608,1.0016809
1508.9522451707726,1.0015714
1508.9730785193674,1.0030231
1508.9939118672282,1.0069222
1509.0147452142703,1.0055516
1509.0355785605798,1.0041384
1509.056411906071,1.0001801
1509.0772452508263,1.0
1509.098078594765,0.9988336
1509.1189119379692,1.0043101
1509.1397452803558,0.9996292
1509.1605786220066,1.0035332
1509.1814119628407,1.0029445
1509.202245302941,1.0039021
1509.2230786422203,1.0002321
1509.243911980768,1.0031431
1509.2647453184964,1.0038351
1509.2855786554887,1.0009724
1509.3064119916642,1.0045539
1509.3272453271045,1.0001642
1509.348078661726,1.0024949
1509.3689119956116,1.0003188
1509.3897453286818,1.006018
1509.4105786610132,0.9979357
1509.431411992527,1.0006574
1509.452245323304,1.0001336
1509.473078653264,1.0020087
1509.4939119824853,0.99957937
1509.5147453108905,1.0033545
1509.5355786385571,1.0012531
1509.5564119654057,1.0012678
1509.5772452915166,0.99999696
1509.5980786168109,0.99963075
1509.6189119413636,1.001832
1509.639745265101,0.9970792
1509.6605785880986,0.9982321
1509.681411910278,0.9994343
1509.702245231717,0.9979852
1509.7230785523382,1.0016471
1509.74391187222,0.9985385
1509.7647451912815,0.9980271
1509.7855785096042,1.0015823
1509.8064118271086,1.0013138
1509.8272451438693,0.99992335
1509.8480784598132,0.9980244
1509.8689117750157,0.99600774
1509.8897450893967,0.99978507
1509.9105784030378,0.9982912
1509.931411715858,0.9981144
1509.9522450279358,0.9991683
1509.973078339193,0.9976022
1509.9939116497087,0.9954329
1510.0147449594015,0.99443805
1510.035578268353,0.99862385
1510.056411576483,0.9992906
1510.0772448838673,1.0011513
1510.0980781904316,1.0004783
1510.1189114962517,1.0015048
1510.1397448012474,1.0024769
1510.1605781055002,1.0052755
1510.1814114089289,1.0038091
1510.2022447116124,0.99815327
1510.223078013472,1.0060761
1510.243911314587,0.9974237
1510.2647446148756,1.0019605
1510.2855779144195,1.0048501
1510.3064112131383,1.0046387
1510.3272445111083,1.0006613
1510.3480778082546,1.003626
1510.3689111046542,1.0061607
1510.3897444002232,1.0008873
1510.4105776950482,0.99911475
1510.4314109890427,1.0045035
1510.4522442822904,1.0030184
1510.473077574708,1.0008402
1510.49391086638,0.99920636
1510.5147441572174,1.002621
1510.53557744731,0.9983952
1510.5564107365694,1.0042266
1510.5772440250796,1.0024228
1510.5980773127571,1.0045578
1510.6189105996853,1.0023066
1510.6397438857798,1.0024711
1510.6605771711247,0.9975768
1510.6814104556333,1.0011961
1510.7022437393925,0.9980323
1510.7230770223157,1.0003697
1510.7439103044874,0.99963933
1510.7647435858212,1.0013106
1510.7855768664047,1.0019854
1510.806410146148,1.0059314
1510.8272434251394,1.0019404
1510.848076703292,1.0046934
1510.8689099806893,1.0062385
1510.8897432572476,1.002232
1510.9105765330498,1.0020124
1510.9314098080117,1.0000219
1510.952243082218,1.0016731
1510.973076355581,0.99557537
1511.0147428999528,1.0034709
1511.0355761709575,1.006083
1511.0564094411188,1.0061246
1511.077242710521,1.0096371
1511.0980759790764,1.0020298
1511.1189092468726,1.0014701
1511.139742513821,1.006892
1511.1605757800094,1.0053443
1511.1814090453493,1.0084448
1511.2022423099259,1.0057404
1511.2230755736541,1.0040158
1511.2439088366198,0.9972034
1511.2647420987314,1.0019912
1511.2855753600818,1.0052236
1511.3064086205784,0.9995067
1511.3272418803083,1.0005884
1511.3480751391867,1.0007935
1511.368908397295,1.0034326
1511.389741654551,1.000665
1511.4105749110367,1.0024598
1511.4314081666669,1.0009319
1511.452241421526,1.0056418
1511.4730746755283,1.0016562
1511.4939079287583,1.0010184
1511.514741181154,0.9994057
1511.5355744327924,1.0053934
1511.5564076835524,0.9989379
1511.577240933516,1.0024989
1511.5980741826174,1.0044885
1511.6189074309425,1.0025289
1511.639740678404,0.9994629
1511.6605739250876,1.0034944
1511.681407170907,1.0040014
1511.702240415945,0.99896884
1511.7230736601182,0.99928653
1511.743906903508,1.0025834
1511.7647401460313,0.9981087
1511.7855733877716,1.0038242
1511.8064066286395,0.9999388
1511.827239868725,1.0002505
1511.848073107937,1.0001765
1511.868906346363,1.0047897
1511.8897395839153,1.0019625
1511.9105728206782,0.9957604
1511.9314060565664,0.99966246
1511.952239291663,1.0017897
1511.9730725258835,1.0039573
1511.9939057593112,1.0021002
1512.0147389918588,0.9990096
1512.0355722236127,0.9988078
1512.0564054544843,1.003995
1512.0772386845604,0.9997038
1512.0980719137538,1.0037129
1512.1189051421459,1.0036653
1512.1397383696549,0.9999693
1512.160571596361,1.0021387
1512.1814048221813,1.0019698
1512.2022380471988,0.9991116
1512.2230712713242,1.0017108
1512.2439044946464,1.0006922
1512.2647377170745,1.0016525
1512.285570938698,1.002069
1512.306404159424,1.0027242
1512.3272373793418,1.0025072
1512.348070598361,1.0032742
1512.3689038165699,0.99856627
1512.3897370338782,1.0034932
1512.410570250374,1.0022687
1512.4314034659635,1.0028605
1512.4522366807403,1.0005069
1512.473069894608,1.0020142
1512.4939031076603,1.0029666
1512.514736319801,1.0023551
1512.5355695311237,1.003672
1512.5564027415328,1.0055094
1512.5772359511195,0.9975298
1512.5980691597908,1.0016036
1512.6189023676368,1.001675
1512.6397355745646,1.0048254
1512.6605687806643,0.9988614
1512.6814019858425,1.0059109
1512.7022351901924,1.0005183
1512.7230683936132,1.0029173
1512.743901596205,1.0000618
1512.7647347978645,1.0025641
1512.785567998692,1.0040705
1512.806401198584,1.0059109
1512.8272343976407,1.0036017
1512.8480675957608,1.0024567
1512.8689007930386,1.0052327
1512.889733989378,1.0029049
1512.9105671848722,1.0029514
1512.9314003794243,1.0029137
1512.9522335731283,0.9943597
1512.9730667658864,0.99759364
1512.9938999577937,0.9958223
1513.0147331487497,0.9997189
1513.0355663388525,0.9909049
1513.0563995280002,0.99218076
1513.0772327162917,0.9950711
1513.0980659036227,0.9972868
1513.118899090095,0.9923888
1513.1397322756025,0.99487007
1513.1605654602477,0.9923989
1513.1813986439256,0.9924052
1513.2022318267339,0.9941445
1513.2230650085723,0.9929629
1513.2438981895375,0.99460214
1513.2647313695293,0.9896972
1513.2855645486418,0.991182
1513.3063977267777,0.994357
1513.32723090403,0.9922559
1513.3480640803011,0.99367553
1513.3688972556856,0.9953999
1513.389730430082,0.9957986
1513.4105636035883,0.9937552
1513.431396776102,0.99330884
1513.452229947721,0.99415874
1513.4730631183422,0.9927717
1513.4938962880644,0.99156904
1513.5147294567837,0.996151
1513.5355626245992,0.99502593
1513.5563957914062,0.9910581
1513.577228957306,0.9929017
1513.598062122191,0.9965703
1513.6188952861626,0.9915004
1513.6397284491159,0.9897475
1513.6605616111485,0.9943426
1513.6813947721582,0.99874747
1513.702227932242,0.9928941
1513.7230610912968,1.0050961
1513.7438942494207,1.0003484
1513.764727406509,1.0040631
1513.7855605626612,0.9968326
1513.806393717772,0.9941331
1513.8272268719404,0.99852306
1513.848060025061,0.99748117
1513.8688931772333,0.9993171
1513.8897263283511,1.0002675
1513.9105594785149,0.9960017
1513.9313926276172,0.99693716
1513.9522257757594,0.99729884
1513.973058922833,1.0022264
1513.9938920689408,0.99421865
1514.014725213971,0.99655724
1514.0355583580297,1.0014523
1514.0563915010043,0.9941069
1514.0772246429997,1.0011063
1514.0980577839025,0.99820197
1514.1397240626357,0.99770194
1514.1605572004592,0.99586165
1514.1813903371738,1.0040573
1514.2022234728909,1.0008032
1514.223056607488,0.9980236
1514.24388974108,1.0023569
1514.2647228735434,1.0020939
1514.2855560049939,0.9972994
1514.3063891353065,1.0034997
1514.3272222645983,0.9963002
1514.348055392743,0.998101
1514.3688885198578,0.9981205
1514.3897216458165,0.9950747
1514.4105547707363,0.9963817
1514.4313878944902,1.0014952
1514.4522210171965,0.99970496
1514.4730541387262,1.0009546
1514.4938872591993,1.0028087
1514.514720378485,1.0034798
1514.5355534967046,1.0015869
1514.5563866137256,1.0019518
1514.577219729672,0.996755
1514.5980528444065,0.9999758
1514.6188859580566,0.9968217
1514.6397190704836,1.0015289
1514.6605521818153,0.99937385
1514.681385291912,1.0015209
1514.7022184009027,0.99823874
1514.723051508645,1.000623
1514.7438846152706,0.99819225
1514.764717720635,1.0030681
1514.7855508248706,0.996764
1514.806383927832,1.0014157
1514.8272170296523,1.0034398
1514.8480501301842,1.003581
1514.8688832295627,1.0051044
1514.8897163276397,0.9986321
1514.910549424548,1.0046382
1514.931382520141,1.0034797
1514.9522156145522,1.0015712
1514.9730487076322,1.0010331
1514.9938817995167,0.99761075
1515.0147148900544,0.99904394
1515.0355479793818,1.0007099
1515.0563810673461,1.0026684
1515.0772141540854,1.0010436
1515.0980472394442,0.9998401
1515.118880323562,1.0007303
1515.1397134062838,1.0024598
1515.1605464877478,1.002723
1515.181379567798,0.99989074
1515.2022126465722,1.0009488
1515.223045723915,1.0017728
1515.2438787999645,0.9973684
1515.2647118745635,0.99963856
1515.2855449478518,1.0049491
1515.3063780196694,1.0078435
1515.3272110901582,1.0051545
1515.348044159156,1.0022312
1515.368877226806,1.0030568
1515.3897102929448,1.0007097
1515.4105433577151,1.0078083
1515.431376420953,0.99858326
1515.452209482803,1.0041833
1515.4730425430962,1.0057266
1515.4938756019853,1.0025599
1515.514708659293,1.0033271
1515.5355417151757,1.0053871
1515.5563747694541,1.0043677
1515.5772078222865,1.0053513
1515.598040873492,1.0058548
1515.6188739232284,1.0086403
1515.639706971315,1.0044106
1515.6605400179121,1.0063094
1515.681373062834,1.0059984
1515.7022061062432,1.0026193
1515.7230391479582,1.0098668
1515.7438721881372,1.0053309
1515.7647052265982,1.0045267
1515.7855382635032,1.0076877
1515.8063712986675,1.0074387
1515.8272043322559,1.0000271
1515.8480373640823,1.002796
1515.8688703943144,1.0077614
1515.8897034227618,1.0047615
1515.9105364496027,1.003158
1515.9313694746409,1.0080936
1515.9522024980556,1.0070907
1515.9730355196557,1.0047256
1515.9938685396205,1.0112838
1516.014701557762,1.0035416
1516.0355345742605,1.006965
1516.0563675889339,1.0086349
1516.0772006019602,1.0033138
