time,flux_flat,trend
1491.6604101031635,1.0,1.012847900390625
1491.681243907015,1.001403773652415,1.012847900390625
1491.7020777110477,0.9986845414637695,1.0109773874282837
1491.7229115151547,1.0013171912466998,1.0096474885940552
1491.7437453193286,1.0,1.0084798336029053
1491.7645791234668,1.0,1.0079355239868164
1491.785412927575,0.9958135075726662,1.0031936168670654
1491.8062467315528,1.0,1.0011022090911865
1491.827080535416,1.0,1.0009171962738037
1491.8479143390648,0.9990303571871346,1.0000057220458984
1491.868748142524,1.0041615546143785,0.9990360736846924
1491.8895819456975,0.9991848014484676,0.9989937543869019
1491.9104157486174,0.995114810953436,0.998830258846283
1491.9312495511874,0.9949904073472274,0.9981793761253357
1491.9520833534457,0.998912880265598,0.9975413680076599
1491.9729171552995,1.0021621347495433,0.9966753125190735
1491.993750956793,0.9959420761774517,0.9965090751647949
1492.0145847578335,0.9963973072250711,0.9964569211006165
1492.0354185584677,0.9977312011889654,0.9962135553359985
1492.0562523586061,1.0044399407034037,0.9955853819847107
1492.0770861583017,0.9955447915490435,0.9950098395347595
1492.097919957464,0.9971980535170161,0.9946422576904297
1492.1187537561461,1.0,0.9945002794265747
1492.1395875542648,1.0025712755692842,0.9939533472061157
1492.1604213518729,0.9972543996469129,0.9939533472061157
1492.181255148887,0.9946869020141199,0.9939533472061157
1492.2020889453645,0.9997245097620032,0.9939507842063904
1492.2229227412224,0.9989773783644279,0.9938948750495911
1492.2437565365217,0.9998149035510148,0.9937518239021301
1492.2645903311768,0.9948427906762493,0.9937518239021301
1492.285424125252,0.9969250957376294,0.9937518239021301
1492.3062579186637,0.9959034665038106,0.9937518239021301
1492.3270917114767,1.0012659253571878,0.9937518239021301
1492.3479255036095,1.0024772094748988,0.9937518239021301
1492.3687592951264,0.994864863097904,0.9937518239021301
1492.3895930859458,1.0001439505760092,0.9937518239021301
1492.410426876136,0.9993681769301328,0.9937518239021301
1492.4312606656151,0.9963262013620243,0.9937518239021301
1492.4520944544524,0.9964775893844607,0.9937518239021301
1492.4729282425644,0.995742841652747,0.9937518239021301
1492.4937620300238,0.9974841038077986,0.9937518239021301
1492.5145958167466,0.9928208848773862,0.9937518239021301
1492.5354296028056,0.9965055997673758,0.9937518239021301
1492.5562633881193,0.9967851015284924,0.9936769604682922
1492.57709717276,0.9953658390428061,0.9936677813529968
1492.5979309566471,0.9943815537167913,0.9936677813529968
1492.6187647398528,0.9941373073607217,0.9935678839683533
1492.6395985222962,0.9991286378320677,0.9935678839683533
1492.6604323040515,0.9952862456216676,0.9935678839683533
1492.6812660850383,0.9969896974555922,0.9931789040565491
1492.7020998653302,0.9948008790137712,0.9931239485740662
1492.7229336448463,1.0044480041387949,0.9931239485740662
1492.7437674236626,0.9970703742170365,0.9931239485740662
1492.7646012016978,1.0036591998318416,0.9930415749549866
1492.785434979029,0.9945707511170335,0.9928784966468811
1492.8062687555735,0.9981418844588553,0.9928784966468811
1492.8271025314084,0.9942321096797242,0.9928784966468811
1492.847936306453,0.998435381708812,0.9928784966468811
1492.8687700807843,1.0027379186271397,0.9928669929504395
1492.8896038543223,0.9994509394662262,0.9928669929504395
1492.910437627143,0.9989290137849853,0.9928669929504395
1492.9312713991658,0.9987947202780915,0.9928669929504395
1492.9521051704708,0.9968395856132096,0.9927021265029907
1492.9729389409733,0.9989022246793366,0.9926367402076721
1492.9937727107533,0.995384083554861,0.9926367402076721
1493.0146064797302,1.0020203941699135,0.9926367402076721
1493.0354402479832,0.9992586623942178,0.9926367402076721
1493.0562740154296,0.9973016142988858,0.9924588203430176
1493.0771077821503,1.001038689284369,0.9926367402076721
1493.0979415480613,0.9974189989203098,0.9927021265029907
1493.1187753132467,0.9964562789451773,0.9926367402076721
1493.1396090776195,1.0057010218941986,0.9926367402076721
1493.1604428412645,1.0013705976747334,0.9927021265029907
1493.1812766040966,0.999283576154432,0.9928784966468811
1493.2021103662003,1.0008795912674093,0.9928784966468811
1493.2229441274883,0.9979412949440271,0.9930415749549866
1493.243777888046,1.0036191049317746,0.9930415749549866
1493.2646116477886,1.0022275064699357,0.9931135177612305
1493.2854454068001,1.0053191556402334,0.9931239485740662
1493.3062791649936,1.0025583048225388,0.9931914210319519
1493.3271129224568,1.004280264996906,0.9931914210319519
1493.3479466791018,1.0008782338964797,0.9931914210319519
1493.3687804350136,1.0024508499685432,0.9935445189476013
1493.389614190109,1.002093958027612,0.9935445189476013
1493.4104479444693,1.0043900450558676,0.9935680031776428
1493.4312816980116,1.0022687530868486,0.993580162525177
1493.45211545082,1.006372571160938,0.9936677813529968
1493.4729492028116,1.0046534161671001,0.9937061667442322
1493.4937829540668,1.0019806399670736,0.9937518239021301
1493.5146167045032,1.00246014020466,0.9937660098075867
1493.5354504542058,0.9982760780523832,0.993962824344635
1493.5562842030872,0.998393104000331,0.9940561652183533
1493.5771179512358,1.002203913571523,0.9940627217292786
1493.5979516985644,0.9985655014613909,0.9940627217292786
1493.6187854451575,1.00021052183452,0.9940627217292786
1493.6396191909319,1.0040282162816543,0.9940627217292786
1493.6604529359718,0.9968934418164317,0.994063675403595
1493.6812866801918,0.9979873599465262,0.9940918684005737
1493.7021204236764,0.999969062170049,0.9941226243972778
1493.7229541663423,0.9994730213176638,0.9940918684005737
1493.7437879082738,0.9989125592600343,0.9941226243972778
1493.7646216493854,0.9964185264839216,0.9941226243972778
1493.7854553897623,1.000409325131484,0.994271993637085
1493.8062891293205,1.0000062945428831,0.994271993637085
1493.8271228681447,1.0009732562257825,0.994271993637085
1493.8479566061483,0.9934953802242653,0.9942782521247864
1493.8687903434193,1.0005048223392248,0.994271993637085
1493.889624079871,1.0056171301728254,0.994271993637085
1493.9104578155882,0.9997766350556713,0.9942782521247864
1493.9312915504877,0.9951924981990227,0.9942782521247864
1493.952125284654,0.9958968811382736,0.9946409463882446
1493.9729590180011,0.9945298540099882,0.9946409463882446
1493.9937927506148,0.998542664705735,0.9946409463882446
1494.0146264824132,1.0043873468851114,0.9946409463882446
1494.0354602134746,0.995658136789725,0.9946409463882446
1494.0562939437214,1.0005947035429206,0.9946409463882446
1494.0771276732326,0.9990219885685139,0.9946789741516113
1494.097961401929,0.995755618547138,0.9946789741516113
1494.1187951298928,0.9984261692153329,0.9946789741516113
1494.13962885704,0.9991203493242109,0.9946409463882446
1494.1604625834525,0.99889531029107,0.9946789741516113
1494.1812963090524,1.0011540067488243,0.9946789741516113
1494.2021300339168,1.0051374213623918,0.9946789741516113
1494.2229637579678,1.0061311093880516,0.9947216510772705
1494.2437974812847,1.0037689664718437,0.9947216510772705
1494.2646312037896,1.0022476939430727,0.9947216510772705
1494.2854649255598,1.0026915881802374,0.9947216510772705
1494.3062986465172,0.9988594760385102,0.9946789741516113
1494.3271323667414,1.0050617379828215,0.9946789741516113
1494.3479660861533,1.0013787805611716,0.9947216510772705
1494.3687998048335,1.0064138518202121,0.9946789741516113
1494.3896335227007,0.9992800191563442,0.9946789741516113
1494.410467239835,1.007333478513548,0.9946409463882446
1494.431300956158,1.0044206962093034,0.9944048523902893
1494.452134671749,1.0006746848428778,0.9944048523902893
1494.47296838653,1.0027899081389253,0.9944048523902893
1494.4938021005778,1.0009067725926666,0.9944048523902893
1494.5146358138152,1.0030621557007902,0.9944048523902893
1494.5354695263209,1.00030046007612,0.9944685101509094
1494.5563032380173,1.0009448499356337,0.9946409463882446
1494.5771369489817,0.9979780439095441,0.9946409463882446
1494.5979706591359,0.9978125525828706,0.9946789741516113
1494.6188043685595,0.9980358318960214,0.994681179523468
1494.6396380771744,1.0059781348025265,0.994681179523468
1494.660471785058,1.0018260902912517,0.9947216510772705
1494.6813054921324,0.999351924985317,0.9947673082351685
1494.7021391984767,0.9987937352606007,0.9947739243507385
1494.722972904012,1.0002889784644238,0.9947910904884338
1494.7438066088175,1.001828794830137,0.9950757622718811
1494.7646403128158,0.999711105020004,0.9950785636901855
1494.7854740160833,0.9975988113076718,0.9950785636901855
1494.827141420273,0.9955625573822724,0.9952324628829956
1494.8479751211962,1.000877047542422,0.9950785636901855
1494.8688088213898,0.9980593188211457,0.9952324628829956
1494.8896425207759,0.9974178477277533,0.9953065514564514
1494.9104762194333,1.0010554445258286,0.9952324628829956
1494.9313099172855,0.9958888390469557,0.9952324628829956
1494.9521436144073,0.9993312562172602,0.9953065514564514
1494.9729773107222,0.9960109136803749,0.9955807328224182
1494.993811006311,0.995636192792229,0.9956491589546204
1495.0146447010902,1.0002008840334067,0.9957644939422607
1495.0354783951434,0.9976704395673068,0.9957644939422607
1495.0563120883883,0.9986190335497452,0.9957799911499023
1495.0771457809087,0.9988901792173219,0.9958268404006958
1495.09797947262,0.9953926456386892,0.9958268404006958
1495.1188131636056,0.9971560730587595,0.9959512948989868
1495.1396468537835,0.9978995197465971,0.995964527130127
1495.1604805432373,1.0001060935262605,0.9960931539535522
1495.1813142318822,0.9981511888364354,0.996198832988739
1495.2021479198022,0.9969428388033087,0.9962828755378723
1495.2229816069148,1.0040936644791312,0.9962828755378723
1495.2438152933028,1.0001472941461107,0.9962828755378723
1495.264648978883,1.0010868776411015,0.9962828755378723
1495.2854826637397,1.0008307581287135,0.9962828755378723
1495.3063163477884,0.9967137231987448,0.996198832988739
1495.3271500311125,1.0067099004699593,0.9962828755378723
1495.34798371363,1.0037995548031442,0.9962828755378723
1495.3688173954238,0.9970112862560566,0.9963245391845703
1495.3896510764096,1.001184944415835,0.9963245391845703
1495.4104847566716,0.9963857609967054,0.9963245391845703
1495.4313184361267,0.997991092367156,0.9963245391845703
1495.4521521148588,0.9981371240387394,0.9963245391845703
1495.472985792783,1.0013356809990122,0.9964296221733093
1495.4938194699835,1.0029035236168091,0.9963245391845703
1495.5146531463772,1.0028786366133766,0.9963245391845703
1495.5354868220481,1.0007694354236918,0.9962828755378723
1495.5563204969105,0.9994796843262695,0.9962828755378723
1495.5771541710512,0.9983505779527951,0.9963245391845703
1495.5979878443845,1.000780650259112,0.9963245391845703
1495.6188215169936,1.0031829274019184,0.9964296221733093
1495.6396551887967,1.0004494251646392,0.9965381026268005
1495.660488859877,0.9992392549016441,0.9965381026268005
1495.6813225301496,1.0010413748372833,0.996544599533081
1495.7021561996987,1.0003346615937965,0.9966712594032288
1495.7229898684416,1.0000841438281758,0.9966712594032288
1495.7438235364616,0.9997887910476108,0.9967551231384277
1495.764657203674,0.9988904354157467,0.9967551231384277
1495.785490870163,0.9963671145368089,0.9969859719276428
1495.8063245358453,1.000239971806003,0.9970048069953918
1495.827158200805,0.997729217512925,0.9970494508743286
1495.847991864956,1.0004097772431777,0.9971023201942444
1495.868825528385,1.0009023468250573,0.9971023201942444
1495.8896591910068,0.9974296926982961,0.9971105456352234
1495.9104928529046,0.9961090143021517,0.9972440600395203
1495.9313265139979,1.0036477841493914,0.9972440600395203
1495.952160174364,1.0003488547082595,0.9972985982894897
1495.9729938339253,1.0021984398881836,0.9973511099815369
1495.9938274927606,1.0022074915347021,0.9973657131195068
1496.0146611507919,1.0051015935780045,0.9975051283836365
1496.0354948080962,0.9998398011981269,0.9975109100341797
1496.0563284645955,1.0027839491279187,0.9975396394729614
1496.0771621203683,0.9967456460087156,0.9975823760032654
1496.097995775336,1.0000848405779819,0.9976192712783813
1496.118829429578,1.0038457422932654,0.9976465106010437
1496.1396630830138,0.9995937556418679,0.9977039098739624
1496.160496735723,1.0064152794394263,0.9977559447288513
1496.1813303876263,0.9999954001411261,0.997760534286499
1496.202164038803,0.9983191285842743,0.9980020523071289
1496.2229976891747,0.9986665429186006,0.9980020523071289
1496.2438313388186,1.002732854418457,0.9981092810630798
1496.2646649876565,1.000939994471815,0.9981934428215027
1496.2854986357668,0.996344160745623,0.9981934428215027
1496.306332283072,1.0021486746217307,0.9982030391693115
1496.3271659296486,1.0006512184700032,0.9982030391693115
1496.3479995754187,1.000525644250086,0.9982030391693115
1496.3688332204608,1.0018638674045552,0.9982889294624329
1496.3896668646962,0.9974994820812036,0.9983617067337036
1496.4105005082044,1.0004274000762026,0.9983845949172974
1496.4313341509044,0.9994650233342093,0.9987277388572693
1496.4521677928763,1.000872881545075,0.9988034963607788
1496.4730014340412,0.9944291651750258,0.9988113045692444
1496.4938350744758,0.9965913904965324,0.9988113045692444
1496.5146687141043,0.9946821299623154,0.9988113045692444
1496.535502353003,0.9973296891378397,0.9988530874252319
1496.5563359910932,1.0041251899986252,0.9988555908203125
1496.577169628454,0.9973933071790837,0.9988555908203125
1496.598003265007,0.9990615244410835,0.9990468621253967
1496.6188369008296,1.0009058407127165,0.9990468621253967
1496.639670535843,1.0013445965491492,0.9991317391395569
1496.6605041701262,1.0041779790188305,0.9991317987442017
1496.6813378036006,0.9997873519441639,0.999259352684021
1496.7021714363439,0.9963818337490246,0.9992626905441284
1496.7230050682767,1.0043208644519674,0.9995437264442444
1496.743838699479,0.9987937954287065,0.9995673894882202
1496.7646723298715,0.9994894227388323,0.9996421933174133
1496.7855059595306,0.9996203613894833,0.9996421933174133
1496.8063395883808,0.9978966935784549,0.9996421933174133
1496.827173216498,0.9985603307286122,0.9996421933174133
1496.848006843804,0.9964158223261959,0.9996753334999084
1496.868840470377,1.0030654939683097,0.9997383952140808
1496.889674096139,1.0033403298883543,0.9997780919075012
1496.9105077211684,0.9954049301704745,0.9998121857643127
1496.9313413453829,0.9978066735761427,0.9998121857643127
1496.9521749688674,0.9999261955882489,0.9998121857643127
1496.973008591535,1.0017156843019268,0.9998121857643127
1496.9938422134712,1.0012410284728412,0.9999518394470215
1497.0146758345911,1.0006678762720902,0.9998121857643127
1497.0355094549786,0.9989911211146493,0.9998121857643127
1497.0563430745506,0.999043225360102,0.9998121857643127
1497.0771766933885,1.0004695939833308,0.9998121857643127
1497.0980103114518,1.002946512965104,0.9998121857643127
1497.1188439288203,1.0044885363208025,0.9998121857643127
1497.1396775453281,1.0022160996753022,0.9998121857643127
1497.160511161064,0.9985105070243866,0.9997780919075012
1497.18134477598,0.9998299756201017,0.9998121857643127
1497.2021783901614,0.9993074798848478,0.9999518394470215
1497.223012003523,0.9984326799872774,0.9999518394470215
1497.2438456161503,1.0012455586440197,0.9999518394470215
1497.2646792279563,0.998141932890476,0.9999938011169434
1497.285512839026,1.0034982182869137,0.9999938011169434
1497.3063464492745,1.0012645799825381,0.9999938011169434
1497.3271800587863,1.0051646552755922,0.9999938011169434
1497.348013667477,1.0025733904419072,1.000038743019104
1497.3688472754293,1.000753407380245,0.9999938011169434
1497.3896808825584,1.002674953829956,0.9999938011169434
1497.4105144889495,1.002461099641635,1.000038743019104
1497.4313480945166,1.0027078292954281,1.0001356601715088
1497.4521816993458,1.004615231503526,1.0001713037490845
1497.4730153033495,1.0060060149533623,1.0002559423446655
1497.493848906613,1.0008227891623032,1.0002816915512085
1497.514682509051,1.0026250835570758,1.0002816915512085
1497.5355161107493,1.0,1.0003602504730225
1497.5563497116202,0.9976223927890052,1.0003602504730225
1497.5771833117494,1.0001762268018684,1.0004751682281494
1497.5980169110512,1.0023313300687247,1.0004799365997314
1497.6188505096113,1.0027173935704394,1.000651478767395
1497.6396841073422,0.9991271817626556,1.000651478767395
1497.6605177043295,1.0014828319934792,1.000651478767395
1497.6813513004874,0.9993126618059031,1.000726580619812
1497.7021848959012,0.9993889129511859,1.0007472038269043
1497.723018490484,0.9990862690437053,1.000726580619812
1497.743852084323,1.0006914932394475,1.0007472038269043
1497.7646856773292,0.9982642395475662,1.0009880065917969
1497.785519269589,0.996348472102072,1.0009880065917969
1497.806352861016,0.9948082687560067,1.0009896755218506
1497.8271864516971,1.0058976025292419,1.0010172128677368
1497.848020041544,0.9997096630865195,1.0010172128677368
1497.8688536306406,1.0004400428252773,1.0009896755218506
1497.8896872189052,1.0,1.0009896755218506
1497.9105208064175,1.0019151756532372,1.0010172128677368
1497.9521879790211,0.9953171561606504,1.0010172128677368
1497.973021564111,0.9985545152791628,1.001104712486267
1497.9938551484474,1.0017947775320195,1.0010172128677368
1498.0146887319481,0.9943463131080361,1.0009896755218506
1498.0355223146933,0.9981087685827287,1.0009896755218506
1498.0563558965991,0.9990051102131617,1.0009896755218506
1498.07718947775,0.9933466001183768,1.0009896755218506
1498.0980230580617,0.9977518538750272,1.0010172128677368
1498.1188566376163,0.9992395030641977,1.0010172128677368
1498.1396902163312,0.9958674083680783,1.0009896755218506
1498.1605237942865,0.9959438055189349,1.0009896755218506
1498.1813573713998,1.0033080306737734,1.0010172128677368
1498.2021909477537,0.9998834228897191,1.001104712486267
1498.2230245232647,0.9978507658187339,1.001104712486267
1498.2438580980138,1.0002432703247712,1.0011273622512817
1498.2646916719182,1.000746022059152,1.001104712486267
1498.28552524506,0.9960918973596894,1.0011273622512817
1498.3063588173566,1.0000226247711475,1.001104712486267
1498.3271923888883,0.9988576872125389,1.001104712486267
1498.3480259595722,1.002399297441317,1.001104712486267
1498.368859529491,0.9970893231918789,1.001104712486267
1498.38969309856,0.9972643102905253,1.0011273622512817
1498.410526666863,1.0016444264244204,1.0011273622512817
1498.4313602343154,0.999045018108338,1.0011273622512817
1498.4521938009989,0.9998899746548758,1.0011273622512817
1498.4730273668297,1.0018919834509497,1.0011273622512817
1498.4938609318908,1.0013406659748407,1.0011273622512817
1498.5146944960989,0.9967925477233321,1.0012056827545166
1498.5355280595345,1.0009659803003361,1.0012056827545166
1498.556361622114,1.0008738157231107,1.0012145042419434
1498.577195183921,1.0026146602882113,1.0013513565063477
1498.5980287448713,1.003390194507023,1.001370906829834
1498.6188623050462,1.0003153530883175,1.001370906829834
1498.639695864361,0.9972186071893362,1.001370906829834
1498.6605294229003,1.000965763775347,1.0014301538467407
1498.681362980578,1.0019252133424952,1.001370906829834
1498.702196537479,1.0008744608275237,1.0014301538467407
1498.7230300935157,0.9968319235071538,1.0014392137527466
1498.743863648773,1.0010869051669589,1.001686692237854
1498.764697203164,1.0077366631207951,1.0018515586853027
1498.7855307567747,0.9953559610824292,1.0018861293792725
1498.8063643095181,1.0027739756017697,1.0018997192382812
1498.827197861481,1.002248657765472,1.0019557476043701
1498.8480314125711,0.9969574113737347,1.0019557476043701
1498.8688649628784,0.9971064295669227,1.0019557476043701
1498.8896985123126,1.0036680486195502,1.0019557476043701
1498.910532060963,1.0011301058949318,1.0020025968551636
1498.9313656087368,0.998583530815343,1.0020025968551636
1498.952199155724,1.0011548518709446,1.0020025968551636
1498.9730327018335,0.9945077612957679,1.0020893812179565
1498.9938662471557,0.9980923456499331,1.0020893812179565
1499.0146997915956,0.9981589980057893,1.002172827720642
1499.035533335247,0.9975576689255207,1.0023058652877808
1499.0563668780153,0.9948074129730596,1.0023972988128662
1499.0772004199907,1.0004684086378406,1.002469539642334
1499.0980339610876,0.999310254216682,1.0025912523269653
1499.1188675013934,0.9970975843264679,1.002598762512207
1499.139701040807,0.9993989628631578,1.0026051998138428
1499.1605345794198,0.9991149416747158,1.002773642539978
1499.181368117143,0.9998320231815142,1.002773642539978
1499.2022016540682,0.9941083884389628,1.002773642539978
1499.2230351901,1.0028841318657282,1.0027754306793213
1499.2438687253311,0.9971612206055952,1.0027754306793213
1499.2647022596673,0.9998005236076982,1.0027912855148315
1499.285535793199,0.9965599553942388,1.0029391050338745
1499.3063693258343,1.0023614193428152,1.0029773712158203
1499.327202857665,1.0019107196172286,1.0029773712158203
1499.3480363885944,0.9989814091117412,1.0029773712158203
1499.3688699187157,1.001310595427737,1.0029951333999634
1499.389703447934,1.000932736261691,1.003021478652954
1499.4105369763417,0.9982549436528864,1.0031018257141113
1499.4313705038448,0.9980767461930056,1.0031349658966064
1499.452204030534,0.9980855401117968,1.0031349658966064
1499.473037556314,1.002332113385511,1.003159761428833
1499.4938710812787,1.0024523681727338,1.003210425376892
1499.5147046053316,0.99958220144901,1.003210425376892
1499.5355381285672,1.0003909367783934,1.0032275915145874
1499.5563716508873,1.000956428610726,1.0032275915145874
1499.5772051723861,1.005041031834087,1.003210425376892
1499.598038692967,1.001354467687544,1.003159761428833
1499.6188722127256,0.9998917478725962,1.003210425376892
1499.639705731562,1.000538043079807,1.0032275915145874
1499.6605392495715,0.9961106831630829,1.0032809972763062
1499.6813727666568,1.0002614166907189,1.0032275915145874
1499.7022062829126,1.0008140753400525,1.0032275915145874
1499.72303979824,0.999373194071117,1.0032275915145874
1499.7438733127358,0.9999467688894101,1.0032809972763062
1499.7647068263016,1.0005425584590104,1.0032275915145874
1499.7855403390306,1.00223012202337,1.0032275915145874
1499.8063738508263,1.0005849892680672,1.003210425376892
1499.8272073617811,1.0000505043663104,1.003159761428833
1499.848040871801,0.9932910593962244,1.003159761428833
1499.8688743809755,0.9985219009739008,1.003210425376892
1499.8897078892107,1.0002431339611086,1.003159761428833
1499.9105413965985,0.9998181842812824,1.003159761428833
1499.931374903044,0.9957048116044536,1.003159761428833
1499.9522084086375,1.0015810039024238,1.003210425376892
1499.9730419132839,0.9997853969900204,1.003210425376892
1499.993875417076,1.0059072865089211,1.003210425376892
1500.0147089199181,1.0003549325705352,1.0032275915145874
1500.035542421901,1.0012703662911258,1.0032275915145874
1500.056375922929,1.0000532339442918,1.0032275915145874
1500.0772094230945,1.0011582519331033,1.0032809972763062
1500.0980429223016,1.0014108620695186,1.0032809972763062
1500.1188764206433,1.0002784915311367,1.0033575296401978
1500.1397099180217,1.0011606586039568,1.0033575296401978
1500.160543414532,1.002042469245636,1.0033575296401978
1500.1813769100734,0.9987877776910462,1.0033575296401978
1500.2022104047414,1.0014294076839187,1.0033575296401978
1500.2230438984375,0.9980889350348405,1.0033575296401978
1500.2438773912563,1.0022348232511438,1.0033575296401978
1500.2647108830993,1.0000938558848829,1.003403663635254
1500.2855443740598,1.0034969599838819,1.0034898519515991
1500.3063778640387,0.9956683289610939,1.0034898519515991
1500.327211353132,1.0047200703549812,1.0034898519515991
1500.3480448412402,1.002503103487191,1.003497838973999
1500.3688783284572,1.0002637221651351,1.003497838973999
1500.3897118146829,1.0005001217636122,1.003497838973999
1500.410545300013,1.0015293389573412,1.0035836696624756
1500.4313787843478,0.9991854113322374,1.0036197900772095
1500.4522122677834,1.0010014114306762,1.0036369562149048
1500.4730457502185,1.001617034185414,1.0036369562149048
1500.493879231749,0.9958971944445005,1.0036369562149048
1500.514712712272,1.00288937159226,1.0037624835968018
1500.5355461918866,0.9974918680778903,1.0037673711776733
1500.5563796704885,0.9993115374424703,1.0037673711776733
1500.577213148177,0.9970775079151817,1.0037673711776733
1500.5980466248482,1.0006889376050077,1.0037673711776733
1500.6188801005994,1.0029028832757796,1.0037719011306763
1500.6397135753268,1.0010641015485409,1.0037719011306763
1500.66054704913,0.9972478944741987,1.0037972927093506
1500.681380521904,0.999015573202124,1.0039997100830078
1500.702213993748,0.9966902789783143,1.0039997100830078
1500.7230474645544,1.0005167542185671,1.0044180154800415
1500.743880934428,0.9983198192141141,1.0044430494308472
1500.7647144032571,0.9963598437790024,1.0044589042663574
1500.7855478711485,0.997061955287982,1.0044589042663574
1500.8063813379874,0.9976421823277726,1.0044589042663574
1500.8272148038823,0.9975980333282222,1.0044589042663574
1500.8480482687187,1.000250177664119,1.0044589042663574
1500.8688817326063,0.9940556281978464,1.0045020580291748
1500.8897151954275,0.994813412192095,1.0045220851898193
1500.910548657292,0.9936934206722999,1.0046420097351074
1500.9313821180847,0.9986673002685689,1.0046964883804321
1500.952215577914,0.9978801626244882,1.0046964883804321
1500.9730490366644,0.9952109723164834,1.0047101974487305
1500.9938824944438,0.999722828830785,1.0046964883804321
1501.0147159511387,0.9974951709277988,1.0047101974487305
1501.0355494068558,0.9941465000498332,1.0047101974487305
1501.0772163151173,1.0012135792746428,1.0047895908355713
1501.0980497676537,0.9955511980017051,1.0047895908355713
1501.1188832192006,1.0010842582174173,1.0047917366027832
1501.1397166696352,0.9943889752881914,1.0048400163650513
1501.160550119072,0.9966033307382436,1.0049370527267456
1501.1813835673893,0.9973675042167738,1.0049370527267456
1501.2022170147018,0.9980846515462979,1.0050969123840332
1501.2230504608854,1.000275637488786,1.0050969123840332
1501.2438839060542,0.9974749316695636,1.0051077604293823
1501.264717350087,1.0020377265845575,1.0051077604293823
1501.2855507930979,1.0007476684285028,1.005118489265442
1501.306384234962,1.0046114917254192,1.005118489265442
1501.3272176757973,1.0091042626232796,1.005118489265442
1501.3480511154755,1.001237021210229,1.005118489265442
1501.3688845541146,1.000219058310191,1.005118489265442
1501.389717991588,1.0030001896242227,1.0052284002304077
1501.4105514280136,1.0038803561977727,1.0052598714828491
1501.4313848632628,1.0032832655204469,1.0052636861801147
1501.452218297456,1.007307806468651,1.0052636861801147
1501.4730517304615,1.0013083367841265,1.0052733421325684
1501.4938851623995,1.0018361532346653,1.0053386688232422
1501.514718593141,0.9998552234799295,1.0053739547729492
1501.5355520228056,1.0026062145054453,1.0053739547729492
1501.5563854512618,1.0055825748351839,1.0054231882095337
1501.5772188786323,1.0024419924553207,1.005666732788086
1501.5980523047813,1.006880447949781,1.0057282447814941
1501.6188857298332,1.0040113303757865,1.00586998462677
1501.6397191536528,0.9979045607476502,1.00586998462677
1501.6605525763653,0.9993861063057667,1.0058811902999878
1501.681385997832,1.004666725764147,1.005892276763916
1501.7022194181795,1.0039250839887386,1.005892276763916
1501.7230528372697,0.9997757772069235,1.005892276763916
1501.7438862552278,1.004746288518269,1.0060089826583862
1501.7647196719172,0.9987878917148506,1.0060089826583862
1501.7855530874633,1.0028492147868242,1.0063618421554565
1501.8063865017255,0.9958662353797906,1.0065885782241821
1501.8272199148307,0.9921389119830734,1.0067089796066284
1501.8480533266402,0.9954613425713282,1.0070123672485352
1501.8688867372782,0.99809788347512,1.0070123672485352
1501.8897201466066,1.0003389195675088,1.0070123672485352
1501.9105535547517,0.9982730846486838,1.0070123672485352
1501.9313869615687,1.0019993058245393,1.0070123672485352
1501.952220367191,1.000734069241398,1.0070123672485352
1501.9730537714709,1.0013043017096794,1.0070123672485352
1501.9938871745403,0.9975702675085162,1.0070123672485352
1502.0147205762526,0.9988877093062128,1.0070123672485352
1502.0355539767393,0.9960894624543885,1.0070123672485352
1502.0563873758508,1.0014856269440404,1.0070338249206543
1502.0772207737227,0.9971888100696683,1.0070829391479492
1502.0980541702036,1.0018732017807372,1.0071558952331543
1502.1188875654284,0.9985540090120852,1.007184624671936
1502.1397209592421,1.0001765618833425,1.007353663444519
1502.160554351786,1.0009573630269712,1.007353663444519
1502.181387742902,0.9975943548979642,1.0075315237045288
1502.2022211327305,0.9960498294621007,1.0075315237045288
1502.2230545211132,1.0044327903672916,1.0075315237045288
1502.2438879081897,1.003059116373851,1.0075315237045288
1502.264721293802,0.9995060216259591,1.0075315237045288
1502.285554678092,1.0038474703633682,1.0075315237045288
1502.3063880608956,0.9963613104631258,1.007353663444519
1502.3272214423591,1.0030333025323956,1.007184624671936
1502.3480548223176,1.000390229376046,1.007184624671936
1502.3688882009192,1.0042277808044786,1.007184624671936
1502.389721577993,1.0017920166893466,1.0070829391479492
1502.4105549536903,0.9984006130963401,1.0070338249206543
1502.4313883278398,0.9978109323638237,1.0070123672485352
1502.4522217005938,1.0013138127247885,1.0067089796066284
1502.473055071779,1.0090671432311646,1.0067089796066284
1502.4938884415487,1.0038023462354047,1.006226658821106
1502.514721809726,1.0047103126335397,1.006226658821106
1502.53555517647,1.004995238228422,1.005892276763916
1502.5563885416009,1.0022075086586397,1.0057282447814941
1502.5772219052774,1.0021522322964758,1.0056921243667603
1502.59805526732,1.004601984034412,1.005666732788086
1502.618888627888,1.0016507983482767,1.0054231882095337
1502.639721986799,1.0033298154717378,1.0054231882095337
1502.6605553442184,1.0052010285387856,1.0054231882095337
1502.681388699956,0.9993730466257884,1.0052733421325684
1502.702222054184,0.999361297043716,1.0052579641342163
1502.7230554067112,1.0014442572895919,1.0052571296691895
1502.7438887577093,0.9994104220445937,1.0051077604293823
1502.7647221069874,1.0084368593558288,1.0051077604293823
1502.7855554547189,1.00740722378965,1.0050969123840332
1502.8063888007134,1.001905741467217,1.0050969123840332
1502.8272221451443,1.0039887970677106,1.0050969123840332
1502.8480554878213,0.9955561164243413,1.0050969123840332
1502.868888828921,0.9986171452163617,1.004807949066162
1502.8897221682548,0.9997807380253656,1.0047285556793213
1502.9105555060007,1.0000850780362565,1.0046430826187134
1502.9313888419717,0.9961693675421952,1.0046159029006958
1502.9522221763475,0.9987227816801586,1.0045655965805054
1502.9730555089436,1.00117166305662,1.0045151710510254
1502.9938888399406,0.9976903612516148,1.0045082569122314
1503.0147221691618,0.9992702042609007,1.0042518377304077
1504.7230594524467,1.0151786355502401,1.0042518377304077
1504.743892944482,1.0160203393365463,1.0036882162094116
1504.76472643667,1.016587354296855,1.0035516023635864
1504.7855599289987,1.0126143262034417,1.0035189390182495
1504.8063934213646,1.006716061855582,1.0034184455871582
1504.827226913766,1.002798646214147,1.0034184455871582
1504.8480604061012,1.0077888401149029,1.0032825469970703
1504.868893898378,1.0023099192811937,1.0029412508010864
1504.8897273905006,0.9995927866904719,1.0029412508010864
1504.9105608824857,1.00230908726334,1.0029412508010864
1504.9313943742372,0.9954294099006463,1.0025328397750854
1504.9522278657812,0.9980068904779419,1.0021882057189941
1504.9730613570216,0.9938144443956686,1.0020486116409302
1504.9938948479905,0.9967314655891741,1.0007675886154175
1505.0147283385973,0.999340830527326,1.0006303787231445
1505.0355618288788,0.9972731510199276,1.0004823207855225
1505.0563953187439,0.9982401276163655,1.0004823207855225
1505.0772288082367,0.9973388621593171,1.0001907348632812
1505.0980622972647,0.99789994782057,0.9999707937240601
1505.118895785876,0.99358928954289,0.9997036457061768
1505.1397292739832,0.9973838324794225,0.9997036457061768
1505.1605627616373,0.9982968049004595,0.9994445443153381
1505.181396248749,0.9933486590477029,0.9994445443153381
1505.2022297353744,0.9968193523864789,0.9992239475250244
1505.2230632214241,0.9953500895973626,0.999005913734436
1505.2438967069602,1.003045725620502,0.999005913734436
1505.2647301918917,0.9990405966237164,0.9989365339279175
1505.285563676281,1.0040089802876886,0.9989365339279175
1505.3063971600413,0.9986759051978911,0.9989365339279175
1505.3272306432375,0.9979053513573956,0.9989365339279175
1505.3480641257786,0.9995855453789623,0.9989365339279175
1505.3688976077374,0.9959375780328302,0.9987215995788574
1505.3897310890213,0.9992913485075706,0.9987215995788574
1505.4105645697036,0.9922223797799062,0.9987215995788574
1505.4313980496947,0.9980458072706664,0.9987215995788574
1505.4522315290642,0.9952334622919105,0.9987215995788574
1505.4730650077283,0.9962171451102491,0.9986169934272766
1505.4938984857579,0.995487767617227,0.9986169934272766
1505.5147319630673,0.9947684175725541,0.9986169934272766
1505.5355654397283,0.9978011238262737,0.9986169934272766
1505.5563989156565,0.9938942986375862,0.9986169934272766
1505.5772323909225,0.9964001460426227,0.9986169934272766
1505.5980658654464,1.0008859279695554,0.9985598921775818
1505.6188993392989,0.9995839518840652,0.9985488653182983
1505.6397328123987,1.0003882319865194,0.9985488653182983
1505.6605662848174,0.9988247673710342,0.9985225200653076
1505.6813997564723,0.9990251086171085,0.9984126091003418
1505.7022332274396,0.9947618542732599,0.9984126091003418
1505.7230666976359,0.999670964236022,0.9981334209442139
1505.7439001671364,1.001092565941514,0.9981334209442139
1505.76473363586,0.9996657689344854,0.9981334209442139
1505.785567103878,0.9961117049546456,0.9981334209442139
1505.8064005711144,1.0067466066320712,0.9981334209442139
1505.8272340376416,1.0023532924477037,0.9981334209442139
1505.8480675033786,0.9994257698899432,0.9981334209442139
1505.8689009684022,1.0068104572532532,0.9980438351631165
1505.889734432629,1.0053007980103075,0.9980138540267944
1505.910567896139,1.000536076016726,0.9980138540267944
1505.93140135885,0.9978307967733924,0.9980438351631165
1505.9522348208377,0.9987042829909014,0.9980438351631165
1505.9730682820216,0.9995091335789656,0.9981334209442139
1505.9939017424783,0.9989680359801186,0.9984126091003418
1506.0147352021288,0.9977605556916702,0.9984126091003418
1506.0355686610496,1.003375219580894,0.9984850287437439
1506.056402119161,0.9953561022111229,0.9984126091003418
1506.0772355765396,1.0012930892439331,0.9984126091003418
1506.0980690331032,1.0005216753137975,0.9984850287437439
1506.1189024889334,1.0044844842789356,0.9985225200653076
1506.1397359439475,0.9990858041592539,0.9985225200653076
1506.1605693982249,1.0022164560460387,0.9985488653182983
1506.1814028516849,0.9970958132710721,0.9985598921775818
1506.2022363044032,1.0000571836002448,0.9985598921775818
1506.2230697563043,1.004266380836639,0.9986169934272766
1506.243903207464,0.999102543372743,0.9986169934272766
1506.264736657802,1.0011188471463937,0.9987139701843262
1506.2855701073968,1.001957202731071,0.9986169934272766
1506.3064035561695,1.0037814133032221,0.9987139701843262
1506.3272370041987,1.0006625465683345,0.99876868724823
1506.3480704514047,0.9972626396741806,0.9988397359848022
1506.3689038978653,1.0057081681150504,0.9989227056503296
1506.3897373434993,1.0011603058682264,0.9989365339279175
1506.4105707883887,1.0005258549633178,0.9989365339279175
1506.431404232452,1.0009509435331185,0.9989855289459229
1506.4522376757689,0.9995739309969883,0.9989855289459229
1506.4730711182588,1.0018663266229106,0.9989855289459229
1506.4939045600006,1.0056428273742313,0.9989866614341736
1506.5147380009157,1.0008738551384933,0.9989866614341736
1506.5355714410855,1.0015623603490533,0.999005913734436
1506.5564048804242,1.0052672533542777,0.999005913734436
1506.5772383190158,0.9984172345780309,0.999005913734436
1506.5980717567777,0.9994253653667331,0.9989866614341736
1506.6189051937934,1.0,0.9989866614341736
1506.6397386299784,0.9990562173575935,0.9989866614341736
1506.6605720654177,0.9960909212680148,0.9989866614341736
1506.6814055000239,1.003301445335466,0.999005913734436
1506.7022389338845,0.9983456378309574,0.999005913734436
1506.7230723669138,0.9998336568909661,0.999005913734436
1506.7439057991965,1.005086032607577,0.9989866614341736
1506.7647392306467,1.0009750471578078,0.9989866614341736
1506.7855726613511,1.0001736851227743,0.9989866614341736
1506.806406091224,0.9994989915392397,0.9989855289459229
1506.8272395203514,1.0000628910477636,0.9989227056503296
1506.8480729486466,0.9984989435684404,0.9989855289459229
1506.8689063761938,0.9983232435168817,0.9989227056503296
1506.8897398029112,0.9998458154958052,0.9989227056503296
1506.9105732288817,1.0041383980158411,0.9989227056503296
1506.9314066540212,1.000642534251986,0.9989855289459229
1506.9522400784133,1.0037294313264595,0.9989855289459229
1506.973073501976,1.002434992629868,0.9989866614341736
1506.993906924793,1.0005009482276928,0.9989866614341736
1507.0147403467784,1.0034275749382269,0.999005913734436
1507.035573768017,0.9993488747011897,0.9989866614341736
1507.0564071884273,0.9981679585703036,0.999005913734436
1507.077240608093,0.9997077659440288,0.999005913734436
1507.0980740269279,1.0036075312876356,0.9989866614341736
1507.1189074450172,0.999245533882778,0.9989855289459229
1507.1397408622736,1.0021416217328245,0.9989855289459229
1507.160574278788,1.0015361395534992,0.9989855289459229
1507.181407694472,0.9994526323200508,0.9989866614341736
1507.2022411094113,1.0006389858322342,0.9990295767784119
1507.2230745235204,1.003245006105232,0.9989866614341736
1507.243907936886,1.0048478495055104,0.9989866614341736
1507.2647413494228,0.9985355779848876,0.9989855289459229
1507.2855747612164,1.0037350398527558,0.9989855289459229
1507.3064081721789,0.9999775649872509,0.9989451169967651
1507.3272415824003,1.002660935714261,0.9989451169967651
1507.3480749917933,1.000684924232308,0.9989451169967651
1507.3689084004423,1.0003733400924777,0.9989451169967651
1507.3897418082631,0.9975762482351423,0.9989227056503296
1507.4105752153414,1.0006326624994406,0.9988397359848022
1507.431408621593,0.9959111531139032,0.99876868724823
1507.4522420271023,0.9985686025868628,0.9988397359848022
1507.4730754317843,1.0025132846495086,0.99876868724823
1507.493908835723,0.99690663823118,0.9987668395042419
1507.5147422388372,1.0006296054068962,0.9987668395042419
1507.5355756412073,0.9981554270681394,0.9987139701843262
1507.5564090427529,0.998840271096777,0.9987139701843262
1507.5772424435554,0.997056632871081,0.9987139701843262
1507.5980758435355,0.9979538719449442,0.9987668395042419
1507.6189092427717,0.99649992480144,0.9987139701843262
1507.6397426411834,0.9984230025708788,0.9987668395042419
1507.6605760388532,1.0007626878767897,0.9987668395042419
1507.6814094357005,0.9966919159322215,0.9987668395042419
1507.7022428318053,0.9988847330953484,0.9987668395042419
1507.7230762270867,0.9961971610753155,0.9987139701843262
1507.7439096216272,0.9984853567070617,0.9984850287437439
1507.7647430153465,1.0002822383434757,0.9984850287437439
1507.785576408322,0.997361716195377,0.9984850287437439
1507.806409800477,0.9977991888104543,0.9987139701843262
1507.8272431918906,1.0012704975757416,0.9987139701843262
1507.8480765824831,0.9968450026379178,0.9987139701843262
1507.889743361364,1.0054201565754048,0.9987668395042419
1507.9105767496535,0.9956765503973467,0.9987668395042419
1507.931410137123,1.0010788035014655,0.9987668395042419
1507.952243523853,1.000178497608723,0.9987668395042419
1507.9730769097607,1.001975648056426,0.9987668395042419
1507.9939102949295,0.9988541181594491,0.9987668395042419
1508.0147436792784,1.0005381783468614,0.9987668395042419
1508.0355770628876,0.9986826029045279,0.9987668395042419
1508.0564104456762,1.0005799819585035,0.9989227056503296
1508.0772438277265,1.0009352297601877,0.9989451169967651
1508.0980772089588,0.9981801731228002,0.9990295767784119
1508.1189105894484,0.9984141548700863,0.9989451169967651
1508.1397439691227,0.9949860195746836,0.9990295767784119
1508.1605773480567,1.0041038879990885,0.9990295767784119
1508.1814107261725,1.001416925726399,0.9990295767784119
1508.2022441035483,0.9998217600975619,0.9992076754570007
1508.2230774801073,0.9988391142097228,0.9992076754570007
1508.2439108559274,0.9968938654752828,0.9992076754570007
1508.2647442309299,0.9973154255122741,0.9992076754570007
1508.2855776051929,1.0017179876944053,0.9993043541908264
1508.3064109786405,0.9988624288682533,0.9993043541908264
1508.327244351349,1.0043219594680235,0.9993180632591248
1508.3480777232392,0.9982498274013578,0.9993180632591248
1508.3689110943924,1.0009462729876788,0.9993180632591248
1508.3897444647287,0.9973782455453942,0.9993693232536316
1508.4105778343271,0.9985794781046213,0.9993956685066223
1508.4314112031077,0.9970404914283635,0.9993693232536316
1508.4522445711527,0.9998118932715583,0.9993956685066223
1508.4730779383801,0.9980305163224553,0.9995020627975464
1508.4939113048713,0.9986810076915178,0.9995020627975464
1508.5147446705428,1.0007102857619579,0.9995285868644714
1508.5355780354803,0.9984201103877429,0.9995793700218201
1508.5564113995993,1.004072328445629,0.9996291995048523
1508.5772447629824,0.99467725139741,0.9998443126678467
1508.5980781255482,1.0031448820377138,0.9998793601989746
1508.6189114873791,0.9954267587518522,0.9998793601989746
1508.639744848393,1.0024354875934378,0.9999828338623047
1508.6605782086701,0.9969995102798319,0.9999828338623047
1508.6814115681302,1.0041608332586276,0.9999828338623047
1508.7022449268557,0.9971283181283248,0.9999828338623047
1508.7230782847626,0.9951635961005495,0.9999828338623047
1508.7439116419355,0.996859540929591,0.9999969601631165
1508.764744998291,0.9993723611825955,0.9999969601631165
1508.7855783539117,1.0051991501543913,0.9999969601631165
1508.8064117087138,1.0001108646392822,1.0
1508.8272450627835,1.0030870437381063,1.0000386238098145
1508.8480784160347,0.9967799834353169,1.0000386238098145
1508.8689117685503,1.00085708168811,1.0000386238098145
1508.8897451202492,1.0000386238098145,1.0
1508.9105784712137,1.0010392665863037,1.0
1508.9314118213608,1.001680850982666,1.0
1508.9522451707726,1.0015714168548584,1.0
1508.9730785193674,1.0030261966190355,0.9999969601631165
1508.9939118672282,1.0069253059143186,0.9999969601631165
1509.0147452142703,1.0055546333364427,0.9999969601631165
1509.0355785605798,1.0041414029128282,0.9999969601631165
1509.056411906071,1.0001831656301885,0.9999969601631165
1509.0772452508263,1.0000030398461242,0.9999969601631165
1509.098078594765,0.9988335967063904,1.0
1509.1189119379692,1.0042713422876715,1.0000386238098145
1509.1397452803558,0.999518388259282,1.0001108646392822
1509.1605786220066,1.003422000114905,1.0001108646392822
1509.1814119628407,1.0028332907008706,1.0001108646392822
1509.202245302941,1.0037679405377695,1.0001336336135864
1509.2230786422203,1.000098453716443,1.0001336336135864
1509.243911980768,1.0029784320234183,1.0001641511917114
1509.2647453184964,1.0036703283736503,1.0001641511917114
1509.2855786554887,1.000808106331537,1.0001641511917114
1509.3064119916642,1.0043730011457526,1.0001801252365112
1509.3272453271045,0.9999840288320107,1.0001801252365112
1509.348078661726,1.00226230565201,1.0002321004867554
1509.3689119956116,1.0000866450431467,1.0002321004867554
1509.3897453286818,1.0057781264744907,1.0002385377883911
1509.4105786610132,0.9976177060906783,1.0003187656402588
1509.431411992527,1.0003385656685118,1.0003187656402588
1509.452245323304,0.9996555306924417,1.0004782676696777
1509.473078653264,1.0013503495243041,1.0006574392318726
1509.4939119824853,0.9989188310199181,1.0006612539291382
1509.5147453108905,1.0026915157034866,1.0006612539291382
1509.5355786385571,1.0004125943225877,1.000840187072754
1509.5564119654057,1.0006061360553862,1.0006612539291382
1509.5772452915166,0.9991574809639652,1.000840187072754
1509.5980786168109,0.9987915774538643,1.000840187072754
1509.6189119413636,1.0009438961244994,1.0008872747421265
1509.639745265101,0.9961952946688866,1.0008872747421265
1509.6605785880986,0.9973387713994627,1.0008957386016846
1509.681411910278,0.9985483056260616,1.0008872747421265
1509.702245231717,0.9970920503537228,1.0008957386016846
1509.7230785523382,1.00075070371774,1.0008957386016846
1509.74391187222,0.9976448650936707,1.0008957386016846
1509.7647451912815,0.9971339149192925,1.0008957386016846
1509.7855785096042,1.000685911900756,1.0008957386016846
1509.8064118271086,1.000341083738797,1.0009723901748657
1509.8272451438693,0.9989519773388918,1.0009723901748657
1509.8480784598132,0.9969882674556162,1.0010392665863037
1509.8689117750157,0.9948623322957382,1.0011513233184814
1509.8897450893967,0.9985906054812195,1.0011961460113525
1509.9105784030378,0.9970417734238824,1.0012531280517578
1509.931411715858,0.9968652073074322,1.0012531280517578
1509.9522450279358,0.9979745535051976,1.0011961460113525
1509.973078339193,0.9964103720577684,1.0011961460113525
1509.9939116497087,0.9942881661523938,1.0011513233184814
1510.0147449594015,0.9932944491160437,1.0011513233184814
1510.035578268353,0.9974754312378293,1.0011513233184814
1510.056411576483,0.9980967161119619,1.0011961460113525
1510.0772448838673,0.9998983226814238,1.0012531280517578
1510.0980781904316,0.999211476558066,1.0012677907943726
1510.1189114962517,1.0002366879967635,1.0012677907943726
1510.1397448012474,1.0011648170949052,1.0013105869293213
1510.1605781055002,1.0039597114244223,1.0013105869293213
1510.1814114089289,1.0024952372743374,1.0013105869293213
1510.2022447116124,0.9968468148848005,1.0013105869293213
1510.223078013472,1.0047560433919165,1.0013138055801392
1510.243911314587,0.9961182089341852,1.0013105869293213
1510.2647446148756,1.000649078372999,1.0013105869293213
1510.2855779144195,1.0035317036026234,1.0013138055801392
1510.3064112131383,1.0033237289100125,1.0013105869293213
1510.3272445111083,0.9993515168933004,1.0013105869293213
1510.3480778082546,1.0023552122494848,1.0012677907943726
1510.3689111046542,1.0048438009324727,1.0013105869293213
1510.3897444002232,0.9996199657516754,1.0012677907943726
1510.4105776950482,0.9978070389525598,1.0013105869293213
1510.4314109890427,1.003188722513281,1.0013105869293213
1510.4522442822904,1.0017023370913167,1.0013138055801392
1510.473077574708,0.9995270029188194,1.0013138055801392
1510.49391086638,0.9978953237101306,1.0013138055801392
1510.5147441572174,1.0013087524861297,1.0013105869293213
1510.53557744731,0.9970852284071118,1.0013138055801392
1510.5564107365694,1.0029089380019045,1.0013138055801392
1510.5772440250796,1.0009513221139539,1.0014700889587402
1510.5980773127571,1.0030484818236756,1.0015047788619995
1510.6189105996853,1.000800596960136,1.0015047788619995
1510.6397438857798,1.000964858602269,1.0015047788619995
1510.6605771711247,0.9960008360032712,1.0015822649002075
1510.6814104556333,0.9995497728334379,1.0016471147537231
1510.7022437393925,0.9963911013784711,1.0016471147537231
1510.7230770223157,0.998789318725176,1.0015822649002075
1510.7439103044874,0.9979864923550738,1.001656174659729
1510.7647435858212,0.9996549836768838,1.001656174659729
1510.7855768664047,1.0003118066541683,1.0016731023788452
1510.806410146148,1.0042511624021155,1.0016731023788452
1510.8272434251394,1.0002668208086432,1.0016731023788452
1510.848076703292,1.0030152417519107,1.0016731023788452
1510.8689099806893,1.00428976720086,1.001940369606018
1510.8897432572476,1.0002709084319983,1.0019605159759521
1510.9105765330498,1.000051754575283,1.0019605159759521
1510.9314098080117,0.9980652117166647,1.0019605159759521
1510.952243082218,0.999713148779294,1.0019605159759521
1510.973076355581,0.9936253364189309,1.0019625425338745
1511.0147428999528,1.0014825235093774,1.0019854307174683
1511.0355761709575,1.0040894615671156,1.0019854307174683
1511.0564094411188,1.0041309831709013,1.0019854307174683
1511.077242710521,1.0076307705925456,1.0019911527633667
1511.0980759790764,1.000038547056736,1.0019911527633667
1511.1189092468726,0.9994588060254436,1.0020123720169067
1511.139742513821,1.0048523401265936,1.0020297765731812
1511.1605757800094,1.0033252080872392,1.0020123720169067
1511.1814090453493,1.0064194956414791,1.0020123720169067
1511.2022423099259,1.0037418008685224,1.0019911527633667
1511.2230755736541,1.0020206271963048,1.0019911527633667
1511.2439088366198,0.9952274545127261,1.0019854307174683
1511.2647420987314,1.000005710707684,1.0019854307174683
1511.2855753600818,1.0032317846568275,1.0019854307174683
1511.3064086205784,0.9975261928151445,1.0019854307174683
1511.3272418803083,0.9986057545135708,1.0019854307174683
1511.3480751391867,0.9988046843239947,1.0019911527633667
1511.368908397295,1.0014386142285514,1.0019911527633667
1511.389741654551,0.9986821352288441,1.0019854307174683
1511.4105749110367,1.0004676804939163,1.0019911527633667
1511.4314081666669,0.9989216570267357,1.0020123720169067
1511.452241421526,1.0036221569024717,1.0020123720169067
1511.4730746755283,0.999665687563494,1.0019911527633667
1511.4939079287583,0.9990080291580894,1.0020123720169067
1511.514741181154,0.9973967652623804,1.00201416015625
1511.5355744327924,1.0033724331104952,1.00201416015625
1511.5564076835524,0.9969143913577023,1.0020297765731812
1511.577240933516,1.0004681383381506,1.0020297765731812
1511.5980741826174,1.0024693343789974,1.00201416015625
1511.6189074309425,1.0005154964809304,1.0020123720169067
1511.639740678404,0.9974767739111616,1.0019911527633667
1511.6605739250876,1.00150024193037,1.0019911527633667
1511.681407170907,1.0020062315362275,1.0019911527633667
1511.702240415945,0.9969625800473952,1.0020123720169067
1511.7230736601182,0.9972796347719924,1.0020123720169067
1511.743906903508,1.0005680801531949,1.00201416015625
1511.7647401460313,0.9961023753007553,1.00201416015625
1511.7855733877716,1.0017908224661194,1.0020297765731812
1511.8064066286395,0.997874187898021,1.0020689964294434
1511.827239868725,0.9981852170673108,1.0020689964294434
1511.848073107937,0.9980803513966909,1.0021002292633057
1511.868906346363,1.0026838440936516,1.0021002292633057
1511.8897395839153,0.999862601838209,1.0021002292633057
1511.9105728206782,0.9936734391866219,1.0021002292633057
1511.9314060565664,0.9975290098231747,1.0021387338638306
1511.952239291663,0.9995221012700474,1.002268671989441
1511.9730725258835,1.0016847773792381,1.002268671989441
1511.9939057593112,0.9998319385501685,1.002268671989441
1512.0147389918588,0.9968775534407758,1.0021387338638306
1512.0355722236127,0.9967144590212065,1.0021002292633057
1512.0564054544843,1.0019219687355312,1.0020689964294434
1512.0772386845604,0.9976787595464234,1.0020297765731812
1512.0980719137538,1.0016953177346652,1.00201416015625
1512.1189051421459,1.0016478488380947,1.00201416015625
1512.1397383696549,0.9979821686550325,1.0019911527633667
1512.160571596361,1.0001685874772699,1.001969814300537
1512.1814048221813,1.0000072575234642,1.0019625425338745
1512.2022380471988,0.9973266881026643,1.0017896890640259
1512.2230712713242,1.0,1.0017107725143433
1512.2439044946464,0.9989832153173662,1.0017107725143433
1512.2647377170745,0.9999775071200676,1.001675009727478
1512.285570938698,1.000412139195223,1.001656174659729
1512.306404159424,1.0010662301617101,1.001656174659729
1512.3272373793418,1.0008496279857628,1.001656174659729
1512.348070598361,1.0016153523813922,1.001656174659729
1512.3689038165699,0.9969188821858335,1.001652479171753
1512.3897370338782,1.001837673922073,1.001652479171753
1512.410570250374,1.0006640038276327,1.001603603363037
1512.4314034659635,1.0012549303385123,1.001603603363037
1512.4522366807403,0.9994889933502447,1.0010184049606323
1512.473069894608,1.0013209973535977,1.0006922483444214
1512.4939031076603,1.0024470520279147,1.0005183219909668
1512.514736319801,1.0018358251848336,1.0005183219909668
1512.5355695311237,1.0031635223273117,1.00050687789917
1512.5564027415328,1.0049999642553313,1.00050687789917
1512.5772359511195,0.9972800272301184,1.0002504587173462
1512.5980691597908,1.0014268025047173,1.0001765489578247
1512.6189023676368,1.0016131597022144,1.0000617504119873
1512.6397355745646,1.0047633090741515,1.0000617504119873
1512.6605687806643,0.9988920348523824,0.9999693036079407
1512.6814019858425,1.005972452980829,0.9999387860298157
1512.7022351901924,1.00057957143902,0.9999387860298157
1512.7230683936132,1.0029786860412695,0.9999387860298157
1512.743901596205,1.0001229719097704,0.9999387860298157
1512.7647347978645,1.0025948486534986,0.9999693036079407
1512.785567998692,1.0041013426894834,0.9999693036079407
1512.806401198584,1.0059417521955,0.9999693036079407
1512.8272343976407,1.0038838575048443,0.9997189044952393
1512.8480675957608,1.0027536560843637,0.9997038245201111
1512.8689007930386,1.0055721136855962,0.999662458896637
1512.889733989378,1.0035902341194336,0.9993171095848083
1512.9105671848722,1.0032900352161782,0.999662458896637
1512.9314003794243,1.003599061635086,0.9993171095848083
1512.9522335731283,0.9952438539053475,0.9991115927696228
1512.9730667658864,0.9985826283068625,0.9990096092224121
1512.9938999577937,0.9968095414245314,0.9990096092224121
1513.0147331487497,1.0008585095469877,0.9988613724708557
1513.0355663388525,0.9920344850282368,0.9988613724708557
1513.0563995280002,0.9933117768092387,0.9988613724708557
1513.0772327162917,0.9963190345879096,0.9987474679946899
1513.0980659036227,0.998537496742997,0.9987474679946899
1513.118899090095,0.9938136454479459,0.9985662698745728
1513.1397322756025,0.9963416068957609,0.9985230565071106
1513.1605654602477,0.9941864985176494,0.9982019662857056
1513.1813986439256,0.9941927682785924,0.9982019662857056
1513.2022318267339,0.9959352244126578,0.9982019662857056
1513.2230650085723,0.9949292459450392,0.9980236291885376
1513.2438981895375,0.9965717390611045,0.9980236291885376
1513.2647313695293,0.9916571000888793,0.9980236291885376
1513.2855645486418,0.9934650686814196,0.9977019429206848
1513.3063977267777,0.9966473423411825,0.9977019429206848
1513.32723090403,0.9946494094107586,0.9975936412811279
1513.3480640803011,0.996072437551548,0.9975936412811279
1513.3688972556856,0.9978009593684448,0.9975936412811279
1513.389730430082,0.9982644960588316,0.9975298047065735
1513.4105636035883,0.9962646453169853,0.9974811673164368
1513.431396776102,0.9958171389385704,0.9974811673164368
1513.452229947721,0.9966691877367836,0.9974811673164368
1513.4730631183422,0.9952786254544903,0.9974811673164368
1513.4938962880644,0.9940729456311121,0.9974811673164368
1513.5147294567837,0.9986664441384582,0.9974811673164368
1513.5355626245992,0.9975385655308227,0.9974811673164368
1513.5563957914062,0.9935607244165611,0.9974811673164368
1513.577228957306,0.9955904010224298,0.9972993731498718
1513.598062122191,0.9992689416693507,0.9972993731498718
1513.6188952861626,0.9941858359404294,0.9972988367080688
1513.6397284491159,0.9924282349796777,0.9972988367080688
1513.6605616111485,0.9970357815951304,0.9972988367080688
1513.6813947721582,1.0014525548745277,0.9972988367080688
1513.702227932242,0.9955833462527682,0.9972988367080688
1513.7230610912968,1.007818359877642,0.9972988367080688
1513.7438942494207,1.0030578718564982,0.9972988367080688
1513.764727406509,1.0067826136640325,0.9972988367080688
1513.7855605626612,0.999544576951434,0.9972867965698242
1513.806393717772,0.9968377383858755,0.9972867965698242
1513.8272268719404,1.001239623287442,0.9972867965698242
1513.848060025061,1.0001948995487366,0.9972867965698242
1513.8688931772333,1.002035836653977,0.9972867965698242
1513.8897263283511,1.002988818348122,0.9972867965698242
1513.9105594785149,0.9987114276998578,0.9972867965698242
1513.9313926276172,0.9996494079261301,0.9972867965698242
1513.9522257757594,1.0,0.9972988367080688
1513.973058922833,1.0049408620588052,0.9972988367080688
1513.9938920689408,0.9969109319099132,0.9972993731498718
1514.014725213971,0.9992558529042744,0.9972993731498718
1514.0355583580297,1.0039811874031108,0.9974811673164368
1514.0563915010043,0.9964877493042267,0.9976107478141785
1514.0772246429997,1.0034121606262294,0.9977019429206848
1514.0980577839025,1.0001786902553729,0.9980236291885376
1514.1397240626357,0.9996001876579991,0.998100996017456
1514.1605572004592,0.997736909267899,0.9981204867362976
1514.1813903371738,1.0058756591598188,0.9981922507286072
1514.2022234728909,1.0026059514959351,0.9982019662857056
1514.223056607488,0.9997845072988375,0.998238742351532
1514.24388974108,1.003839501082738,0.9985230565071106
1514.2647228735434,1.0035761364152571,0.9985230565071106
1514.2855560049939,0.9986654742141494,0.9986320734024048
1514.3063891353065,1.0047582381735432,0.9987474679946899
1514.3272222645983,0.9972536533236093,0.9990439414978027
1514.348055392743,0.9987830553928396,0.9993171095848083
1514.3688885198578,0.9987458482465643,0.9993738532066345
1514.3897216458165,0.9954344817815735,0.999638557434082
1514.4105547707363,0.9966757622374938,0.9997049570083618
1514.4313878944902,1.0016554261152903,0.9998400807380676
1514.4522210171965,0.9998648546579508,0.9998400807380676
1514.4730541387262,1.001063999552201,0.9998907446861267
1514.4938872591993,1.0028329581130144,0.9999758005142212
1514.514720378485,1.0032114736381954,1.000267505645752
1514.5355534967046,1.0012380339177678,1.000348448753357
1514.5563866137256,1.0013279986237518,1.0006229877471924
1514.577219729672,0.9960481554663788,1.0007096529006958
1514.5980528444065,0.9992664299499568,1.000709891319275
1514.6188859580566,0.9960942776745517,1.000730276107788
1514.6397190704836,1.0007250445663585,1.0008032321929932
1514.6605521818153,0.998426559330736,1.0009487867355347
1514.681385291912,1.000565704088409,1.0009546279907227
1514.7022184009027,0.9972085583964511,1.001033067703247
1514.723051508645,0.9995798680585641,1.0010435581207275
1514.7438846152706,0.997151665010988,1.0010435581207275
1514.764717720635,1.0019596593810254,1.0011062622070312
1514.7855508248706,0.9956625403911079,1.0011062622070312
1514.806383927832,1.0,1.001415729522705
1514.8272170296523,1.001984575023947,1.0014523267745972
1514.8480501301842,1.0021256331695432,1.0014523267745972
1514.8688832295627,1.0036037919089895,1.0014952421188354
1514.8897163276397,0.9971155881079339,1.0015208721160889
1514.910549424548,1.003104589419448,1.0015288591384888
1514.931382520141,1.001905546771711,1.0015711784362793
1514.9522156145522,0.9999842893053017,1.0015869140625
1514.9730487076322,0.9992616153381236,1.0017727613449097
1514.9938817995167,0.9958453516692313,1.0017727613449097
1515.0147148900544,0.9970977923685966,1.001951813697815
1515.0355479793818,0.9986188721074382,1.0020939111709595
1515.0563810673461,1.0004361672708026,1.002231240272522
1515.0772141540854,0.9986897593460048,1.0023568868637085
1515.0980472394442,0.9973867442511465,1.0024597644805908
1515.118880323562,0.9981750475203452,1.0025599002838135
1515.1397134062838,0.9998409146574909,1.0026192665100098
1515.1605464877478,1.0000544525544668,1.0026683807373047
1515.181379567798,0.9972297560145106,1.0026683807373047
1515.2022126465722,0.998230626110837,1.002722978591919
1515.223045723915,0.9989795606618733,1.0027960538864136
1515.2438787999645,0.994574942562376,1.002808690071106
1515.2647118745635,0.9965922096443534,1.0030567646026611
1515.2855449478518,1.0018752499451828,1.0030680894851685
1515.3063780196694,1.0047607983746805,1.0030680894851685
1515.3272110901582,1.0019902320816427,1.0031579732894897
1515.348044159156,0.9989210358910917,1.0033137798309326
1515.368877226806,0.9997438336506105,1.0033137798309326
1515.3897102929448,0.9974044740712366,1.0033137798309326
1515.4105433577151,1.004479703094171,1.0033137798309326
1515.431376420953,0.9952851015029456,1.0033137798309326
1515.452209482803,1.000866640701506,1.0033137798309326
1515.4730425430962,1.0024048269534527,1.0033137798309326
1515.4938756019853,0.999248610392607,1.0033137798309326
1515.514708659293,1.0000133073428255,1.0033137798309326
1515.5355417151757,1.0020664402358916,1.0033137798309326
1515.5563747694541,1.0010504483742824,1.0033137798309326
1515.5772078222865,1.0020307955676093,1.0033137798309326
1515.598040873492,1.0025326724970254,1.0033137798309326
1515.6188739232284,1.0053089168939806,1.0033137798309326
1515.639706971315,1.0010932219762212,1.0033137798309326
1515.6605400179121,1.0029857162308948,1.0033137798309326
1515.681373062834,1.0026757264323989,1.0033137798309326
1515.7022061062432,0.9993077805419558,1.0033137798309326
1515.7230391479582,1.006531410200506,1.0033137798309326
1515.7438721881372,1.0020104781066883,1.0033137798309326
1515.7647052265982,1.0012089483325781,1.0033137798309326
1515.7855382635032,1.0043594617464984,1.0033137798309326
1515.8063712986675,1.004111256039692,1.0033137798309326
1515.8272043322559,0.9967241361692865,1.0033137798309326
1515.8480373640823,0.9994839840188318,1.0033137798309326
1515.8688703943144,1.0044328897631603,1.0033137798309326
1515.8897034227618,1.0014428961720716,1.0033137798309326
1515.9105364496027,0.9998447080618497,1.0033137798309326
1515.9313694746409,1.0047640287315036,1.0033137798309326
1515.9522024980556,1.0037644334173041,1.0033137798309326
1515.9730355196557,1.0014071326882281,1.0033137798309326
1515.9938685396205,1.0079436519578546,1.0033137798309326
1516.014701557762,1.0002270565369589,1.0033137798309326
1516.0355345742605,1.003639201816072,1.0033137798309326
1516.0563675889339,1.0053035701937383,1.0033137798309326
1516.0772006019602,1.0,1.0033137798309326
